605888,1
605893,1
605894,1
605899,2
605900,2
605905,2
605906,3
605907,1
605912,7
605918,4
605919,1
605924,3
605925,3
605930,2
605931,3
605937,11
605938,1
605943,1
605944,4
605949,5
605950,3
605956,2
605957,1
605962,10
605968,3
605969,2
605974,1
605975,8
605980,1
605981,2
605987,9
605993,3
605994,4
605999,3
606000,5
606005,2
606006,2
606012,10
606013,2
606018,3
606019,2
606024,2
606025,7
606032,1
606037,8
606043,5
606044,5
606049,4
606050,7
606055,1
606056,3
606062,9
606068,4
606074,2
606075,5
606080,1
606081,5
606082,2
606087,8
606094,3
606099,2
606100,4
606105,1
606106,3
606107,1
606112,11
606113,1
606118,1
606119,3
606124,3
606125,9
606130,1
606137,5
606143,1
606144,2
606149,2
606150,11
606156,7
606157,1
606162,7
606163,1
606168,2
606169,2
606175,6
606180,1
606181,6
606187,9
606188,1
606193,4
606194,3
606199,3
606200,5
606205,1
606206,2
606212,7
606218,2
606219,3
606224,7
606225,3
606230,2
606237,11
606243,6
606244,1
606249,3
606250,7
606256,4
606262,8
606268,3
606269,1
606274,2
606275,5
606281,7
606282,1
606287,6
606293,2
606294,3
606299,1
606300,7
606306,5
606312,10
606313,2
606318,2
606319,2
606325,2
606330,1
606331,8
606337,9
606338,2
606343,2
606344,2
606349,4
606350,3
606355,2
606356,7
606357,1
606362,5
606368,3
606369,3
606374,2
606375,3
606381,3
606387,13
606388,2
606393,7
606394,2
606399,4
606400,4
606406,3
606412,5
606418,2
606419,3
606424,3
606425,11
606431,3
606437,8
606443,4
606444,3
606449,1
606450,4
606455,2
606456,3
606457,2
606462,7
606468,1
606469,6
606474,3
606475,8
606480,4
606481,3
606482,2
606487,2
606488,2
606493,5
606499,3
606500,7
606505,1
606506,1
606512,6
606518,5
606519,2
606524,6
606525,8
606531,4
606532,1
606537,3
606538,2
606543,2
606544,2
606549,3
606550,7
606556,3
606562,12
606563,2
606568,3
606574,1
606575,1
606580,1
606581,6
606582,1
606587,7
606588,2
606593,3
606594,4
606599,4
606600,7
606605,1
606606,3
606612,10
606618,3
606624,3
606625,5
606631,4
606637,11
606643,3
606644,3
606649,4
606650,2
606656,1
606657,1
606662,10
606663,1
606668,3
606669,1
606674,3
606675,5
606680,3
606681,1
606682,1
606687,9
606688,2
606693,7
606694,1
606699,4
606700,5
606705,2
606706,2
606712,10
606718,1
606719,1
606724,3
606725,4
606730,1
606731,4
606732,1
606737,4
606738,2
606743,4
606744,5
606749,5
606750,3
606756,4
606762,6
606768,4
606769,2
606774,2
606775,5
606780,1
606781,4
606787,11
606788,1
606793,4
606794,2
606799,2
606800,3
606801,1
606805,1
606806,7
606812,8
606813,3
606818,2
606819,3
606824,2
606825,4
606830,1
606831,1
606832,1
606837,6
606843,2
606844,4
606849,8
606850,5
606856,6
606862,8
606863,1
606868,2
606869,2
606874,3
606875,6
606880,1
606881,4
606882,1
606887,4
606888,1
606893,5
606894,1
606899,2
606900,4
606905,1
606906,5
606912,9
606913,1
606918,4
606924,6
606925,8
606930,1
606931,4
606932,1
606937,6
606938,1
606943,3
606944,1
606949,5
606950,4
606956,2
606957,3
606962,10
606968,1
606969,4
606974,1
606975,4
606980,1
606981,3
606982,2
606987,11
606988,3
606993,3
606994,2
606999,3
607006,6
607012,10
607018,2
607019,2
607024,3
607025,1
607030,2
607031,9
607032,1
607037,6
607038,1
607043,4
607044,3
607049,3
607050,3
607055,2
607056,3
607062,5
607063,2
607068,3
607069,1
607074,4
607075,8
607081,1
607087,5
607088,1
607093,4
607094,3
607099,2
607100,9
607105,2
607106,6
607112,8
607113,1
607118,3
607119,2
607124,6
607125,5
607131,3
607137,8
607138,1
607149,1
607150,10
607155,2
607156,4
607162,11
607163,1
607168,1
607169,2
607174,3
607175,2
607181,4
607182,1
607187,12
607188,2
607193,3
607199,4
607200,6
607206,2
607212,10
607213,2
607218,1
607219,2
607224,3
607225,5
607230,1
607231,4
607237,8
607243,3
607244,6
607249,2
607250,5
607255,1
607256,2
607262,7
607268,3
607269,4
607274,6
607275,6
607281,3
607287,10
607288,1
607293,2
607294,1
607299,2
607300,2
607305,1
607306,6
607307,1
607312,10
607318,3
607319,4
607324,3
607325,7
607331,2
607337,10
607338,2
607343,1
607344,3
607349,4
607350,2
607355,1
607356,2
607357,1
607362,6
607368,2
607369,5
607374,1
607375,7
607380,1
607381,3
607387,7
607393,6
607399,7
607400,8
607406,4
607412,5
607413,1
607418,5
607419,3
607424,5
607425,4
607430,1
607431,1
607437,7
607438,1
607443,1
607444,1
607449,5
607450,9
607455,1
607456,1
607457,1
607462,6
607468,2
607469,1
607474,5
607475,11
607480,1
607481,1
607487,9
607493,2
607494,1
607499,6
607500,9
607506,4
607512,9
607513,1
607519,1
607524,4
607525,5
607530,2
607531,4
607537,13
607538,1
607543,3
607544,3
607549,2
607550,5
607556,4
607557,1
607562,8
607563,3
607568,3
607569,3
607574,2
607575,2
607580,2
607581,2
607587,5
607593,3
607594,3
607599,5
607600,3
607605,1
607606,6
607607,1
607612,7
607613,1
607618,1
607619,2
607624,3
607625,5
607630,1
607631,4
607632,1
607637,12
607638,1
607643,3
607644,1
607649,5
607650,3
607655,1
607656,3
607657,1
607662,8
607663,2
607669,3
607674,3
607675,3
607680,1
607681,4
607682,1
607687,11
607693,2
607694,1
607699,5
607700,5
607706,2
607707,2
607712,8
607713,2
607718,2
607719,4
607724,2
607725,4
607730,3
607731,2
607732,1
607737,11
607738,1
607743,4
607744,2
607749,3
607750,5
607756,3
607757,1
607762,6
607763,3
607768,2
607769,3
607774,2
607775,4
607780,1
607781,4
607787,12
607793,1
607794,4
607799,3
607800,4
607805,1
607806,1
607812,10
607813,1
607818,4
607819,2
607824,4
607825,6
607830,1
607831,3
607837,4
607843,5
607844,2
607849,6
607850,5
607856,5
607857,1
607862,5
607863,1
607868,3
607869,3
607874,2
607875,6
607881,5
607887,7
607893,3
607894,2
607899,3
607900,6
607906,3
607907,1
607912,10
607913,1
607918,4
607924,7
607925,6
607930,1
607931,4
607932,2
607937,8
607938,2
607943,4
607944,2
607949,1
607950,3
607956,3
607957,2
607962,9
607963,1
607968,2
607969,2
607974,3
607975,7
607980,1
607981,3
607987,6
607993,4
607994,2
607999,5
608000,6
608005,1
608006,3
608012,3
608013,2
608018,3
608019,3
608024,3
608025,4
608030,3
608031,4
608037,8
608043,3
608044,1
608049,3
608050,4
608055,2
608056,3
608062,13
608063,2
608068,2
608069,3
608074,2
608075,1
608081,1
608087,8
608088,4
608093,1
608094,4
608099,3
608100,10
608105,1
608106,2
608112,8
608113,1
608118,4
608119,2
608124,1
608125,5
608130,3
608131,5
608132,2
608137,7
608138,2
608143,3
608144,2
608149,1
608150,4
608155,1
608156,2
608162,8
608163,4
608168,1
608169,1
608174,3
608175,6
608181,4
608187,7
608188,1
608193,3
608194,3
608199,4
608200,10
608205,2
608206,1
608212,4
608213,1
608218,1
608219,2
608224,1
608225,6
608230,2
608231,6
608232,1
608237,8
608238,1
608243,1
608244,1
608249,2
608250,8
608251,1
608256,7
608257,2
608262,4
608263,2
608268,3
608269,1
608274,5
608275,7
608281,2
608287,6
608288,1
608293,2
608294,1
608299,6
608300,9
608306,1
608307,1
608312,6
608313,3
608318,3
608319,1
608324,2
608325,7
608330,1
608331,6
608332,1
608337,3
608343,4
608344,3
608345,1
608349,2
608350,6
608356,4
608357,1
608362,10
608363,1
608368,3
608369,3
608374,1
608375,4
608380,1
608381,2
608382,1
608387,9
608388,1
608393,4
608394,1
608399,3
608400,3
608405,1
608406,3
608407,1
608412,9
608413,1
608418,3
608419,3
608424,6
608425,7
608430,2
608431,2
608432,1
608437,7
608438,1
608443,3
608444,4
608449,2
608450,5
608456,2
608462,12
608463,2
608469,1
608474,2
608475,3
608481,3
608487,11
608488,1
608493,2
608494,3
608499,7
608500,1
608505,2
608506,4
608512,13
608518,1
608519,4
608524,4
608525,5
608530,1
608531,2
608532,1
608537,9
608543,1
608544,2
608549,2
608550,8
608555,1
608556,3
608557,1
608562,7
608563,2
608568,5
608569,2
608574,2
608575,1
608580,2
608581,5
608582,1
608587,7
608588,4
608593,2
608594,2
608599,6
608600,1
608606,3
608612,4
608618,4
608619,5
608625,9
608630,2
608631,2
608632,3
608637,5
608643,3
608644,3
608649,4
608650,8
608656,5
608662,5
608668,6
608669,2
608674,2
608675,5
608681,2
608682,2
608687,6
608688,2
608693,1
608694,5
608699,5
608700,6
608705,1
608706,2
608712,10
608718,1
608719,2
608724,2
608725,6
608730,1
608731,3
608737,9
608738,3
608743,3
608744,4
608749,2
608750,5
608755,1
608756,3
608762,5
608768,2
608769,4
608774,4
608775,7
608780,1
608781,3
608782,1
608787,9
608788,2
608793,1
608794,1
608799,3
608800,7
608805,2
608806,4
608812,7
608813,1
608818,3
608819,1
608824,6
608825,4
608831,3
608837,11
608838,1
608843,1
608844,3
608849,1
608850,9
608855,1
608856,3
608857,1
608862,11
608863,3
608868,2
608869,2
608874,2
608875,2
608881,3
608882,1
608887,8
608893,2
608894,4
608899,3
608900,6
608905,1
608906,3
608912,11
608913,2
608918,1
608924,3
608925,3
608930,1
608931,5
608932,1
608937,7
608943,7
608944,3
608949,2
608950,6
608955,1
608956,3
608962,9
608968,1
608969,2
608974,7
608975,3
608976,1
608980,1
608981,3
608987,7
608993,4
608994,4
608999,4
609000,4
609006,5
609012,7
609018,4
609019,2
609024,3
609025,4
609030,1
609031,4
609032,2
609037,6
609038,2
609043,3
609044,2
609049,4
609050,3
609056,8
609062,7
609063,1
609068,4
609069,5
609074,4
609075,5
609081,2
609087,6
609093,4
609094,2
609099,4
609100,5
609106,5
609107,1
609112,6
609113,1
609118,2
609119,1
609124,4
609125,7
609130,1
609131,3
609137,8
609138,2
609143,2
609144,3
609149,1
609150,10
609155,2
609156,5
609162,6
609163,1
609168,3
609169,2
609174,1
609175,7
609180,1
609181,2
609182,2
609187,8
609188,2
609193,1
609194,2
609199,6
609200,5
609205,2
609206,1
609212,8
609218,2
609219,5
609224,6
609225,4
609231,4
609232,1
609237,8
609238,1
609243,1
609244,3
609249,5
609250,4
609256,2
609262,8
609263,1
609268,3
609269,2
609274,2
609275,6
609280,2
609281,5
609287,8
609293,3
609294,1
609299,4
609300,6
609305,1
609306,1
609307,1
609312,13
609318,1
609319,1
609324,4
609325,8
609330,1
609331,2
609337,5
609343,8
609344,3
609349,2
609350,3
609355,1
609356,3
609362,9
609368,3
609369,3
609374,1
609375,7
609380,1
609381,3
609382,1
609387,9
609393,4
609394,1
609399,4
609400,5
609406,4
609412,10
609413,1
609418,6
609419,2
609424,4
609425,3
609430,1
609431,3
609437,8
609443,5
609444,2
609449,3
609450,6
609455,2
609456,2
609462,9
609468,3
609469,2
609474,1
609475,9
609481,3
609487,8
609493,5
609494,4
609499,2
609500,5
609505,2
609506,3
609512,8
609513,1
609518,2
609519,3
609524,1
609525,7
609532,1
609537,10
609538,2
609544,8
609549,2
609550,4
609556,1
609562,11
609569,3
609574,7
609575,6
609580,1
609586,1
609587,12
609593,2
609594,1
609599,4
609600,3
609605,2
609606,3
609607,1
609612,7
609613,1
609618,2
609619,8
609624,2
609625,5
609631,4
609637,8
609638,1
609643,1
609644,2
609649,2
609650,7
609656,4
609657,2
609662,9
609663,1
609668,3
609669,1
609674,6
609675,1
609680,1
609681,5
609687,9
609693,6
609694,2
609699,3
609700,4
609706,3
609707,1
609712,11
609713,1
609718,2
609724,1
609725,4
609731,2
609732,1
609737,10
609738,3
609743,1
609744,2
609750,5
609755,2
609756,8
609757,2
609762,6
609763,2
609768,3
609769,2
609774,4
609775,6
609781,3
609782,1
609787,8
609788,1
609793,2
609799,1
609800,8
609805,1
609806,1
609807,1
609812,6
609813,1
609818,3
609819,2
609824,3
609825,6
609830,2
609831,4
609837,11
609838,1
609843,2
609844,2
609849,1
609850,8
609855,1
609856,3
609862,10
609863,1
609868,2
609869,2
609874,2
609875,5
609880,1
609881,2
609887,9
609888,3
609899,8
609900,4
609905,2
609906,5
609912,3
609918,4
609919,7
609924,1
609925,7
609930,1
609931,1
609937,8
609938,1
609943,3
609944,4
609949,3
609950,2
609955,1
609956,2
609962,13
609963,1
609968,1
609969,4
609974,3
609975,6
609980,3
609981,4
609987,9
609993,3
609999,2
610000,4
610005,1
610006,5
610012,7
610013,1
610018,3
610019,5
610024,4
610025,3
610030,1
610031,2
610037,8
610038,1
610043,1
610044,3
610049,2
610050,6
610056,4
610062,10
610063,3
610068,1
610074,3
610075,6
610080,2
610081,5
610082,1
610087,6
610088,3
610093,5
610094,4
610099,4
610100,4
610105,1
610106,2
610112,5
610118,4
610119,2
610124,3
610125,7
610130,2
610131,4
610137,9
610138,1
610143,1
610144,2
610149,5
610150,1
610156,5
610162,12
610168,2
610169,4
610174,4
610175,3
610180,1
610181,1
610187,6
610188,1
610193,6
610194,2
610199,2
610200,6
610205,1
610206,1
610212,11
610213,1
610218,2
610219,3
610224,3
610225,5
610230,1
610231,1
610237,12
610243,2
610249,4
610250,7
610255,1
610256,3
610262,7
610263,1
610268,1
610269,5
610275,6
610280,1
610281,7
610282,2
610287,8
610293,1
610294,3
610299,2
610300,7
610305,1
610306,2
610312,11
610318,1
610319,5
610324,2
610325,9
610331,3
610332,1
610337,5
610343,1
610344,1
610349,4
610350,7
610356,4
610357,1
610362,8
610369,1
610374,4
610375,5
610380,2
610381,4
610382,2
610387,8
610388,2
610393,2
610394,3
610399,3
610400,5
610405,1
610406,3
610407,1
610412,5
610413,1
610418,4
610419,5
610424,3
610425,5
610430,2
610431,1
610437,6
610438,2
610443,2
610444,1
610449,4
610450,11
610455,1
610456,3
610457,1
610462,4
610463,1
610468,3
610469,4
610474,4
610475,6
610481,1
610487,5
610488,1
610493,4
610494,3
610499,2
610500,6
610505,2
610506,4
610507,1
610512,10
610518,2
610519,2
610524,3
610525,3
610531,6
610532,1
610537,10
610543,1
610544,3
610549,6
610550,3
610556,3
610562,7
610563,2
610568,3
610569,1
610574,7
610575,2
610580,1
610582,1
610587,4
610588,2
610593,4
610594,3
610599,5
610600,2
610601,1
610605,2
610606,8
610612,7
610613,1
610618,3
610619,4
610624,6
610625,6
610637,6
610643,4
610644,3
610649,5
610650,4
610656,4
610662,7
610663,3
610668,2
610669,2
610674,3
610675,4
610681,6
610687,7
610688,1
610694,1
610699,6
610700,9
610705,1
610706,6
610712,4
610713,1
610718,4
610719,3
610724,3
610725,3
610731,1
610737,10
610738,1
610743,4
610744,2
610749,4
610750,4
610756,6
610762,7
610768,3
610769,2
610774,2
610775,6
610780,1
610781,1
610787,13
610788,1
610793,2
610799,4
610800,4
610805,1
610806,2
610812,8
610813,1
610818,4
610819,2
610824,2
610825,7
610831,4
610837,7
610843,3
610844,2
610849,3
610850,5
610855,3
610856,4
610857,1
610862,11
610868,2
610875,6
610881,6
610882,1
610887,13
610893,3
610894,2
610899,4
610900,4
610906,3
610907,1
610912,6
610913,3
610918,1
610919,2
610924,1
610925,7
610930,2
610931,3
610932,1
610937,8
610943,1
610944,3
610949,3
610950,5
610955,1
610956,3
610957,2
610962,7
610968,2
610969,4
610974,5
610975,4
610981,4
610987,6
610993,2
610994,3
610999,2
611000,8
611005,1
611006,3
611007,1
611012,11
611013,2
611019,2
611024,4
611025,3
611031,3
611032,1
611037,9
611038,1
611043,5
611044,3
611049,5
611050,3
611056,1
611062,9
611068,1
611069,2
611074,4
611075,5
611081,3
611082,1
611087,10
611088,2
611093,2
611094,2
611099,6
611100,4
611105,1
611106,3
611112,9
611113,2
611118,3
611119,2
611124,2
611125,7
611131,1
611132,2
611137,9
611138,2
611143,5
611144,1
611149,2
611150,1
611155,1
611156,1
611162,8
611163,1
611168,2
611169,4
611174,5
611175,7
611180,1
611181,3
611187,7
611193,2
611199,7
611200,2
611205,1
611206,6
611207,1
611212,10
611213,1
611224,7
611225,4
611231,4
611232,1
611237,4
611238,1
611243,1
611244,1
611249,3
611250,8
611255,3
611256,5
611262,11
611268,3
611274,5
611275,5
611280,1
611281,4
611287,7
611293,5
611294,2
611299,6
611300,3
611306,3
611312,6
611318,2
611319,2
611324,2
611325,8
611330,1
611332,1
611337,9
611338,2
611343,3
611344,5
611349,3
611350,2
611355,2
611356,4
611357,1
611362,7
611363,1
611368,2
611369,3
611374,5
611375,5
611380,1
611381,4
611382,1
611387,6
611388,1
611393,3
611394,4
611399,2
611400,5
611405,1
611406,2
611412,13
611418,3
611419,2
611424,6
611425,2
611430,1
611431,4
611432,1
611437,6
611438,1
611443,4
611444,5
611450,5
611455,1
611456,3
611462,12
611468,1
611469,2
611474,4
611475,2
611480,1
611481,6
611487,8
611488,2
611493,2
611494,1
611499,4
611500,5
611505,1
611506,5
611512,5
611518,4
611519,3
611524,4
611525,4
611531,1
611537,8
611543,5
611544,5
611549,4
611550,6
611556,2
611562,10
611568,2
611569,1
611574,3
611575,5
611580,2
611581,1
611587,7
611588,1
611593,2
611594,2
611599,6
611600,6
611606,3
611612,6
611618,2
611619,4
611624,2
611625,9
611631,3
611637,9
611643,2
611644,6
611649,1
611650,4
611655,1
611656,8
611662,10
611663,2
611668,2
611674,4
611675,4
611680,1
611681,2
611687,9
611694,2
611699,7
611700,3
611706,4
611707,2
611712,6
611718,2
611719,1
611724,6
611725,7
611731,2
611732,1
611737,8
611743,6
611744,2
611749,5
611750,6
611755,2
611756,5
611762,4
611768,3
611774,4
611775,7
611781,6
611782,1
611787,4
611788,1
611793,3
611794,2
611799,4
611800,6
611806,6
611812,7
611813,1
611818,2
611819,1
611824,3
611825,4
611830,1
611831,4
611832,2
611837,8
611843,4
611844,1
611849,5
611850,4
611855,1
611856,2
611862,9
611868,5
611869,2
611874,5
611875,4
611881,5
611882,1
611887,5
611888,1
611893,2
611894,4
611899,2
611900,6
611906,3
611907,1
611912,5
611918,4
611919,7
611924,2
611925,4
611930,1
611931,5
611937,7
611938,2
611943,2
611944,1
611949,1
611950,8
611955,2
611956,2
611962,12
611963,1
611968,3
611969,3
611974,2
611975,5
611980,1
611981,5
611987,5
611988,1
611994,3
611999,3
612000,3
612005,1
612006,4
612007,1
612012,12
612013,2
612018,3
612019,1
612024,3
612025,6
612030,2
612031,1
612037,8
612038,1
612043,5
612044,1
612049,4
612050,6
612056,7
612062,6
612063,1
612068,5
612069,1
612074,2
612075,5
612080,2
612081,3
612087,7
612088,1
612093,1
612094,4
612099,3
612100,3
612106,4
612112,7
612113,1
612118,2
612119,5
612124,6
612125,6
612131,3
612137,11
612143,2
612144,1
612149,3
612150,5
612156,1
612162,10
612168,5
612169,1
612174,2
612175,5
612181,5
612187,8
612188,2
612193,5
612194,2
612199,3
612200,4
612206,3
612207,1
612212,11
612218,4
612219,1
612225,9
612231,5
612232,1
612237,5
612243,7
612244,1
612249,3
612250,5
612256,5
612262,6
612263,1
612268,1
612269,1
612274,2
612275,10
612280,2
612281,7
612287,5
612299,4
612300,8
612305,1
612306,4
612312,7
612313,1
612318,3
612319,1
612324,3
612325,6
612330,2
612331,4
612337,9
612338,3
612349,5
612350,5
612355,1
612356,3
612362,7
612368,1
612369,7
612374,2
612375,2
612380,1
612381,8
612387,11
612393,2
612394,1
612399,3
612400,6
612405,1
612406,3
612412,8
612418,2
612419,2
612424,1
612425,3
612430,2
612431,5
612437,8
612438,1
612443,3
612444,1
612449,3
612450,8
612456,5
612462,7
612468,2
612469,3
612474,4
612475,8
612480,1
612481,2
612487,9
612493,1
612494,2
612499,3
612500,7
612506,8
612512,10
612519,2
612524,6
612525,2
612531,3
612532,1
612537,8
612538,1
612543,5
612544,2
612549,3
612550,5
612556,5
612557,2
612562,5
612563,2
612568,5
612569,2
612575,4
612580,1
612581,3
612587,11
612588,1
612593,2
612594,1
612599,5
612600,4
612606,1
612612,6
612613,4
612618,5
612619,2
612624,4
612625,5
612631,2
612637,9
612638,3
612643,1
612649,1
612650,5
612655,1
612656,7
612657,1
612662,6
612663,1
612668,3
612669,2
612674,4
612675,5
612681,6
612682,3
612687,8
612688,1
612694,4
612699,1
612700,9
612705,1
612706,2
612712,3
612713,2
612718,2
612719,1
612724,3
612725,5
612730,1
612731,3
612737,11
612738,1
612743,1
612744,4
612749,3
612750,7
612756,1
612762,8
612763,4
612768,4
612769,3
612774,4
612775,3
612781,4
612787,5
612793,4
612794,2
612799,9
612800,2
612805,1
612806,6
612812,7
612818,3
612819,1
612824,1
612825,4
612830,1
612831,5
612837,12
612838,1
612843,2
612844,2
612849,2
612850,4
612855,2
612856,3
612857,1
612862,10
612863,1
612868,1
612869,2
612874,3
612875,1
612880,1
612881,3
612882,1
612887,11
612893,3
612894,3
612899,4
612900,5
612905,1
612906,2
612912,9
612918,5
612919,3
612924,2
612925,5
612930,2
612931,3
612937,8
612938,1
612943,1
612944,2
612949,3
612950,3
612956,6
612957,1
612962,10
612963,1
612968,4
612969,3
612974,5
612975,1
612981,4
612987,10
612988,2
612993,3
612994,1
612999,3
613000,4
613006,2
613012,8
613013,1
613018,1
613019,5
613024,3
613025,6
613030,1
613031,2
613032,1
613037,5
613038,1
613043,2
613044,3
613049,3
613050,9
613055,2
613056,4
613062,5
613063,2
613068,1
613069,4
613074,4
613075,4
613080,2
613081,3
613082,1
613087,4
613088,2
613093,4
613094,5
613099,6
613100,4
613106,2
613112,6
613118,4
613119,1
613124,6
613125,4
613130,1
613131,4
613137,10
613143,2
613144,1
613149,3
613150,6
613156,4
613157,1
613162,9
613168,5
613169,1
613174,6
613175,3
613180,1
613181,3
613187,9
613193,2
613194,2
613199,4
613200,5
613206,2
613212,9
613218,1
613219,3
613224,4
613225,5
613230,1
613232,1
613237,9
613243,6
613244,3
613249,5
613250,5
613255,2
613256,3
613262,8
613263,1
613268,2
613274,4
613275,4
613281,6
613282,1
613287,8
613293,3
613294,4
613299,5
613300,5
613306,2
613312,9
613318,1
613319,2
613324,4
613325,4
613330,1
613331,4
613337,9
613343,3
613344,2
613349,4
613350,7
613355,1
613356,2
613362,7
613368,2
613369,2
613374,3
613375,8
613381,4
613382,1
613387,8
613393,3
613394,2
613399,3
613400,5
613405,1
613406,3
613407,1
613412,7
613413,2
613418,2
613419,1
613425,8
613430,1
613431,3
613432,2
613437,7
613438,1
613443,4
613444,2
613449,4
613450,7
613456,2
613462,9
613463,3
613468,3
613469,2
613474,2
613475,4
613481,4
613487,10
613493,3
613494,4
613499,2
613500,6
613505,1
613506,3
613512,7
613513,1
613518,5
613519,2
613524,2
613525,6
613530,1
613531,4
613537,11
613543,1
613544,2
613549,2
613550,3
613555,1
613556,1
613557,1
613562,10
613563,1
613569,3
613574,4
613575,10
613581,3
613587,6
613593,5
613594,1
613599,3
613600,4
613605,1
613606,4
613607,3
613612,6
613613,1
613618,2
613619,4
613624,3
613625,3
613630,3
613631,7
613637,8
613643,1
613644,1
613649,8
613650,5
613655,1
613656,4
613662,4
613668,3
613669,4
613674,5
613675,6
613681,5
613687,4
613688,1
613693,1
613694,2
613699,5
613700,2
613706,5
613707,2
613712,8
613713,2
613718,1
613719,1
613724,4
613725,6
613731,4
613737,7
613743,3
613744,3
613749,1
613750,7
613755,1
613756,2
613757,1
613762,9
613763,3
613768,2
613769,3
613774,4
613775,5
613787,11
613788,1
613793,3
613794,5
613799,4
613800,4
613806,6
613812,7
613813,1
613818,1
613819,2
613824,2
613825,6
613831,6
613837,6
613843,3
613844,2
613849,4
613850,8
613856,5
613857,1
613862,5
613868,3
613869,1
613874,4
613875,4
613881,3
613887,8
613888,2
613893,4
613894,2
613899,2
613900,6
613905,1
613906,5
613907,1
613912,6
613919,2
613924,3
613925,6
613930,2
613931,2
613932,4
613937,8
613938,1
613943,1
613944,1
613949,1
613950,4
613955,2
613956,5
613957,1
613962,9
613963,2
613968,2
613969,3
613974,1
613975,6
613981,4
613987,7
613988,1
613993,2
613994,4
613999,4
614000,8
614005,2
614006,2
614007,1
614012,3
614013,1
614018,5
614019,4
614024,2
614025,1
614031,4
614037,10
614043,2
614044,3
614049,2
614050,9
614056,3
614057,1
614062,8
614063,1
614068,5
614069,2
614074,2
614075,5
614076,1
614081,3
614082,1
614087,8
614088,1
614093,4
614094,1
614099,2
614100,6
614105,2
614106,2
614107,1
614112,6
614118,1
614119,2
614124,3
614125,6
614131,6
614132,1
614137,9
614138,1
614143,2
614144,2
614149,3
614150,5
614155,1
614156,2
614162,11
614163,1
614168,3
614174,4
614175,4
614181,3
614182,1
614187,8
614188,1
614193,2
614194,3
614199,5
614200,4
614206,5
614212,7
614213,1
614218,1
614219,2
614224,2
614225,7
614230,2
614231,1
614232,2
614237,6
614238,1
614243,4
614244,3
614249,5
614250,5
614255,2
614256,4
614262,5
614268,3
614269,2
614274,5
614275,2
614280,1
614281,4
614282,1
614287,9
614293,4
614294,2
614299,3
614300,7
614306,2
614312,7
614313,1
614318,2
614319,2
614324,4
614325,7
614331,5
614337,6
614338,2
614343,1
614344,3
614349,6
614350,5
614355,1
614356,4
614362,5
614363,3
614368,2
614369,2
614375,7
614380,2
614381,4
614382,1
614387,6
614388,1
614393,2
614394,4
614399,6
614400,3
614405,1
614406,3
614412,5
614418,4
614419,1
614424,2
614425,8
614430,1
614431,3
614432,2
614437,12
614438,1
614443,1
614444,3
614449,3
614450,3
614456,8
614457,1
614462,5
614468,2
614469,1
614474,2
614475,5
614481,6
614482,2
614487,6
614493,2
614494,2
614499,3
614500,3
614505,1
614506,7
614512,6
614513,2
614518,5
614519,4
614524,3
614525,5
614530,2
614531,3
614537,4
614543,6
614544,3
614549,1
614550,8
614555,1
614556,2
614557,2
614562,5
614563,1
614568,2
614569,2
614574,5
614575,5
614581,4
614587,7
614588,1
614593,2
614594,1
614599,4
614600,6
614606,4
614612,8
614613,2
614618,4
614624,3
614625,6
614631,3
614632,4
614637,6
614643,3
614644,3
614649,2
614650,5
614655,2
614656,12
614662,4
614668,3
614669,3
614675,5
614680,2
614681,2
614687,8
614693,5
614694,2
614699,3
614700,3
614705,1
614706,4
614707,1
614712,4
614718,1
614719,2
614724,5
614725,6
614730,2
614731,4
614732,1
614737,10
614738,3
614743,2
614744,1
614749,3
614750,6
614751,1
614756,5
614762,8
614763,2
614768,4
614774,2
614775,5
614780,2
614781,2
614787,7
614788,2
614793,2
614799,3
614800,6
614806,7
614807,1
614812,7
614813,1
614818,1
614819,2
614824,2
614825,7
614831,4
614832,1
614837,6
614843,2
614844,6
614849,1
614850,8
614855,1
614856,3
614862,9
614863,2
614868,4
614869,2
614874,1
614875,3
614876,1
614880,2
614881,1
614887,5
614888,1
614893,2
614894,1
614899,1
614900,9
614905,1
614906,7
614912,3
614913,2
614918,3
614919,2
614924,3
614925,6
614931,4
614932,1
614937,10
614938,4
614943,1
614944,2
614949,7
614950,2
614956,5
614957,1
614962,6
614963,1
614968,2
614969,2
614974,4
614975,3
614981,7
614987,4
614993,3
614994,4
614999,2
615000,5
615006,5
615012,7
615013,1
615018,4
615019,3
615024,2
615025,6
615031,2
615032,3
615037,5
615043,2
615044,3
615049,3
615050,9
615055,1
615056,1
615057,1
615062,6
615063,1
615068,5
615069,2
615074,4
615075,6
615081,2
615087,7
615088,2
615093,3
615094,1
615099,3
615100,8
615106,2
615107,1
615112,5
615113,2
615118,2
615119,2
615124,6
615125,5
615131,3
615137,6
615138,3
615143,3
615144,4
615149,3
615150,9
615155,1
615156,2
615162,7
615163,2
615168,3
615169,4
615174,5
615175,1
615180,1
615181,2
615182,1
615187,8
615193,2
615194,2
615199,4
615200,3
615206,7
615212,11
615213,1
615218,1
615219,1
615224,1
615225,4
615230,1
615231,6
615232,1
615237,5
615243,4
615244,2
615249,6
615250,3
615256,5
615262,8
615268,2
615269,1
615274,3
615275,6
615281,6
615282,1
615287,3
615288,1
615293,2
615294,4
615299,4
615300,9
615306,2
615307,1
615312,7
615313,2
615318,3
615324,4
615325,7
615330,1
615331,2
615337,6
615343,1
615344,5
615350,8
615355,1
615356,2
615362,11
615368,5
615369,2
615374,2
615375,5
615380,1
615381,4
615387,9
615388,3
615393,1
615394,3
615399,2
615400,6
615406,3
615407,3
615412,6
615413,2
615418,4
615419,1
615424,3
615425,2
615430,3
615431,2
615437,8
615438,2
615443,2
615444,1
615449,6
615450,5
615455,2
615456,3
615462,5
615463,1
615468,3
615469,2
615474,2
615475,4
615480,4
615481,3
615482,1
615487,9
615488,2
615493,3
615494,2
615500,5
615505,1
615506,4
615512,7
615513,1
615518,2
615519,3
615524,3
615525,5
615531,4
615537,13
615543,2
615544,1
615549,2
615550,5
615556,6
615562,5
615568,5
615569,3
615574,2
615575,8
615581,8
615582,1
615587,7
615594,2
615599,5
615600,3
615605,1
615606,2
615612,10
615613,3
615618,2
615619,1
615624,5
615625,1
615630,2
615631,3
615637,10
615644,3
615649,3
615650,4
615655,3
615656,3
615662,8
615668,3
615669,1
615674,3
615675,10
615681,5
615682,1
615687,5
615693,2
615699,4
615700,3
615705,1
615706,5
615707,2
615712,8
615718,2
615719,4
615724,4
615725,6
615730,1
615731,7
615737,2
615738,1
615743,1
615744,3
615749,2
615750,7
615755,2
615756,3
615762,6
615763,1
615768,4
615769,2
615774,6
615775,3
615781,9
615787,4
615788,1
615793,2
615794,1
615799,2
615800,1
615805,3
615806,7
615807,2
615812,5
615818,3
615819,2
615824,7
615825,5
615830,1
615831,1
615832,1
615837,7
615838,2
615843,4
615844,2
615849,4
615850,5
615856,6
615862,7
615868,2
615874,2
615875,3
615881,4
615887,13
615888,2
615893,3
615894,3
615899,2
615900,5
615905,1
615906,2
615912,8
615913,1
615918,3
615919,2
615924,4
615925,5
615930,1
615931,1
615937,14
615938,2
615943,1
615949,2
615950,4
615956,4
615962,9
615963,2
615968,2
615969,2
615974,3
615975,8
615981,4
615982,1
615987,6
615993,5
615994,1
615999,1
616000,6
616005,1
616006,2
616012,10
616013,2
616018,2
616019,2
616024,4
616025,5
616031,4
616032,1
616037,5
616043,3
616044,5
616049,1
616050,2
616055,1
616056,5
616057,1
616062,10
616063,2
616074,3
616075,4
616081,3
616087,11
616088,2
616093,2
616094,3
616099,10
616100,4
616105,1
616106,4
616112,8
616118,4
616119,1
616124,2
616125,2
616131,3
616132,1
616137,8
616143,3
616144,5
616149,4
616150,4
616155,2
616156,1
616162,12
616168,3
616169,1
616174,4
616175,4
616180,1
616187,10
616188,3
616193,2
616194,2
616199,4
616200,4
616205,1
616206,1
616207,1
616212,8
616213,1
616218,5
616219,1
616224,6
616225,4
616231,4
616237,7
616243,4
616244,1
616249,7
616250,7
616256,4
616262,6
616268,2
616269,4
616274,3
616275,8
616281,2
616282,1
616287,9
616293,3
616294,1
616299,3
616300,4
616305,1
616306,3
616312,5
616318,6
616319,3
616324,2
616325,5
616330,1
616331,5
616332,1
616337,7
616338,1
616343,1
616344,2
616349,2
616350,2
616356,2
616362,12
616363,2
616368,3
616369,4
616374,4
616375,4
616380,1
616381,5
616382,1
616387,7
616388,2
616393,2
616394,2
616399,3
616400,5
616406,4
616412,5
616419,4
616424,2
616425,9
616431,7
616432,1
616437,9
616438,2
616443,1
616444,3
616449,1
616450,4
616455,2
616456,4
616457,1
616462,5
616468,4
616469,2
616474,6
616475,6
616481,5
616487,10
616493,1
616494,1
616499,2
616500,3
616505,2
616506,3
616512,7
616513,2
616519,1
616524,7
616525,7
616530,1
616531,2
616532,1
616537,9
616543,3
616544,5
616549,2
616550,4
616556,3
616562,9
616563,1
616568,2
616569,3
616574,3
616575,5
616581,2
616582,1
616587,8
616588,1
616594,2
616599,3
616600,6
616606,5
616607,1
616612,11
616618,2
616624,4
616625,4
616630,3
616631,1
616637,7
616638,2
616643,7
616644,1
616649,1
616650,8
616655,1
616656,4
616657,1
616662,10
616668,1
616669,1
616674,3
616675,3
616680,1
616681,4
616682,1
616687,5
616688,2
616693,3
616694,3
616699,4
616700,5
616705,3
616706,5
616712,6
616713,1
616718,3
616719,6
616724,1
616725,3
616731,6
616737,6
616743,4
616744,4
616749,3
616750,2
616755,1
616756,4
616762,7
616763,1
616768,3
616769,2
616774,3
616775,7
616781,3
616787,9
616788,3
616793,1
616794,1
616799,5
616800,4
616805,1
616806,2
616807,2
616812,9
616818,3
616824,4
616825,6
616830,1
616831,3
616837,7
616843,1
616844,4
616849,3
616850,5
616856,2
616857,4
616862,8
616868,3
616874,5
616875,7
616881,2
616882,1
616887,6
616888,1
616893,5
616894,2
616900,6
616905,2
616906,3
616912,8
616913,2
616918,4
616924,3
616925,8
616930,1
616931,4
616937,4
616943,3
616944,1
616949,5
616950,4
616955,1
616956,2
616957,2
616962,10
616963,1
616968,2
616969,2
616974,4
616975,4
616976,1
616981,3
616987,8
616988,4
616993,2
616994,3
616999,3
617000,7
617005,1
617006,1
617007,2
617012,5
617018,4
617019,2
617024,3
617025,6
617031,4
617032,1
617037,11
617043,2
617044,1
617049,1
617050,3
617055,2
617056,2
617057,2
617062,11
617068,4
617069,3
617074,1
617075,5
617076,1
617080,2
617081,2
617087,4
617088,1
617093,2
617094,1
617099,5
617100,6
617105,2
617106,2
617107,1
617112,7
617113,1
617118,3
617119,2
617124,3
617125,5
617131,3
617137,9
617138,1
617143,5
617144,1
617149,1
617150,8
617155,1
617156,3
617162,7
617163,1
617168,5
617174,2
617175,9
617180,1
617181,4
617187,5
617193,2
617194,4
617199,3
617200,6
617205,1
617206,6
617212,6
617213,2
617218,4
617224,4
617225,6
617237,7
617238,1
617243,1
617244,4
617249,2
617250,5
617255,1
617256,1
617257,2
617262,9
617263,1
617268,2
617269,5
617274,5
617275,5
617280,1
617281,4
617287,7
617293,2
617294,4
617299,2
617300,4
617305,1
617306,3
617312,5
617313,1
617318,3
617319,3
617324,3
617325,9
617331,1
617337,10
617338,1
617343,2
617344,2
617349,4
617350,8
617355,1
617356,4
617357,1
617362,7
617363,2
617368,2
617369,2
617374,1
617375,6
617381,2
617382,1
617387,7
617393,5
617394,3
617399,3
617400,4
617406,3
617412,6
617413,2
617418,2
617419,3
617424,4
617425,8
617431,3
617432,1
617437,6
617443,3
617444,1
617449,2
617450,8
617456,1
617457,1
617462,10
617463,1
617468,4
617469,2
617474,4
617475,4
617481,2
617482,2
617487,12
617493,2
617494,3
617499,1
617500,3
617506,4
617512,10
617513,1
617518,4
617519,4
617524,2
617525,4
617531,1
617532,1
617537,8
617538,1
617543,3
617544,1
617549,3
617550,6
617555,1
617556,2
617557,2
617562,8
617568,4
617569,2
617574,2
617575,6
617581,4
617582,1
617587,8
617588,2
617593,5
617594,2
617599,1
617600,2
617605,1
617606,1
617607,1
617612,7
617613,5
617618,2
617619,2
617624,1
617625,4
617630,2
617631,7
617637,10
617643,3
617644,2
617649,3
617650,6
617656,4
617662,7
617663,1
617668,2
617669,2
617674,4
617675,6
617681,2
617687,7
617693,5
617694,3
617699,5
617700,6
617706,3
617707,1
617712,4
617713,2
617719,5
617724,6
617725,5
617731,4
617732,1
617737,8
617738,1
617743,1
617744,2
617749,5
617750,6
617756,1
617757,2
617762,10
617763,1
617768,1
617769,2
617774,3
617775,3
617780,1
617781,1
617782,1
617787,9
617788,1
617793,8
617794,1
617799,1
617800,6
617806,5
617812,5
617818,3
617819,1
617824,3
617825,2
617831,4
617837,10
617838,3
617843,3
617844,2
617849,5
617850,8
617855,2
617856,3
617862,8
617863,1
617869,1
617874,5
617875,4
617881,4
617887,11
617888,1
617893,3
617894,1
617899,2
617900,5
617905,3
617906,2
617912,7
617913,3
617918,3
617919,1
617924,3
617925,4
617931,2
617932,2
617937,5
617938,2
617943,2
617944,3
617949,4
617950,9
617956,4
617962,5
617963,2
617968,3
617969,1
617974,3
617975,7
617980,2
617981,4
617987,6
617993,4
617994,2
617999,5
618000,2
618006,5
618012,10
618018,3
618019,2
618024,5
618025,3
618031,3
618032,1
618037,10
618043,2
618049,2
618050,10
618055,1
618056,2
618062,7
618063,2
618068,3
618069,1
618074,3
618075,6
618081,4
618082,2
618087,4
618088,1
618093,4
618094,3
618099,4
618100,4
618105,1
618106,3
618112,5
618113,2
618118,3
618119,3
618124,2
618125,6
618131,2
618137,15
618143,1
618144,1
618149,4
618150,4
618156,6
618162,7
618163,1
618168,3
618169,2
618174,3
618175,4
618180,1
618181,8
618187,4
618193,2
618194,2
618199,2
618200,5
618206,4
618207,1
618212,7
618218,4
618219,3
618224,2
618225,5
618231,4
618237,10
618238,2
618243,1
618244,1
618249,7
618250,4
618256,1
618257,1
618262,8
618263,1
618268,2
618269,4
618274,4
618275,5
618280,1
618281,4
618287,8
618288,2
618293,1
618294,1
618299,3
618300,7
618305,1
618306,2
618312,9
618318,2
618319,4
618324,5
618325,3
618330,1
618331,4
618337,5
618338,1
618343,3
618344,2
618349,5
618350,6
618351,1
618356,6
618357,1
618362,7
618368,1
618369,1
618374,2
618375,7
618380,1
618381,4
618382,1
618387,5
618388,2
618393,2
618394,5
618399,5
618400,2
618406,2
618407,1
618412,5
618413,1
618418,5
618419,3
618424,4
618425,6
618431,3
618437,10
618443,2
618444,2
618449,2
618450,2
618455,1
618456,7
618457,2
618462,11
618468,1
618469,2
618474,1
618475,4
618480,1
618481,7
618487,8
618488,2
618494,3
618499,4
618500,6
618506,3
618512,8
618518,2
618519,2
618524,3
618525,4
618530,1
618531,5
618532,1
618537,12
618543,3
618549,1
618550,3
618556,6
618562,9
618563,2
618568,6
618569,1
618574,1
618575,4
618580,1
618581,2
618582,2
618587,10
618593,3
618594,3
618599,2
618600,7
618606,5
618607,1
618612,6
618613,1
618618,2
618624,2
618625,7
618630,1
618631,4
618637,7
618638,1
618643,1
618644,3
618649,3
618650,6
618655,1
618656,5
618657,1
618662,9
618663,2
618668,3
618669,1
618674,1
618675,4
618681,6
618682,1
618687,7
618693,3
618694,4
618699,1
618700,3
618706,7
618712,9
618719,3
618724,3
618725,8
618731,4
618732,1
618737,5
618738,2
618743,2
618744,2
618749,4
618750,3
618756,3
618757,1
618762,11
618768,2
618769,1
618774,2
618775,4
618780,1
618781,5
618787,6
618788,1
618793,3
618794,3
618799,2
618800,5
618805,2
618806,4
618812,11
618818,3
618819,3
618824,2
618825,4
618830,2
618831,5
618837,8
618843,2
618844,2
618849,6
618850,7
618856,3
618862,5
618863,1
618868,1
618869,4
618874,5
618875,8
618881,3
618887,4
618893,2
618894,2
618899,3
618900,7
618906,3
618912,8
618913,2
618918,5
618919,2
618924,2
618925,7
618930,2
618931,4
618932,1
618937,7
618938,1
618943,1
618949,5
618950,3
618956,6
618962,9
618968,2
618969,3
618974,4
618975,6
618981,5
618982,1
618987,7
618993,3
618994,1
618999,6
619000,5
619006,7
619012,2
619018,1
619019,2
619024,6
619025,3
619030,2
619031,3
619032,1
619037,8
619038,3
619043,1
619044,2
619049,3
619050,2
619055,1
619056,2
619057,2
619062,7
619063,1
619068,4
619069,3
619074,2
619075,6
619081,4
619082,1
619087,5
619093,5
619094,3
619099,5
619100,5
619105,1
619106,1
619107,1
619112,9
619113,2
619118,3
619119,2
619124,2
619125,8
619126,1
619131,2
619137,5
619143,7
619144,1
619149,4
619150,2
619156,2
619157,1
619162,10
619168,3
619169,4
619174,3
619175,3
619180,1
619181,3
619187,8
619188,2
619193,6
619194,1
619199,1
619200,5
619206,3
619212,7
619213,1
619218,6
619219,3
619224,4
619225,5
619231,7
619237,4
619238,2
619243,2
619244,1
619249,4
619250,4
619256,2
619257,1
619262,11
619269,3
619274,4
619275,6
619280,1
619287,5
619288,1
619293,9
619294,6
619299,2
619300,2
619306,7
619307,1
619312,4
619318,5
619319,2
619324,4
619325,5
619331,4
619332,1
619337,7
619338,2
619343,2
619344,4
619349,5
619350,4
619356,2
619362,6
619363,1
619368,5
619369,2
619374,2
619375,7
619381,4
619387,3
619388,1
619393,4
619394,3
619399,4
619400,6
619406,3
619407,1
619412,7
619413,1
619418,2
619419,2
619424,2
619425,9
619431,2
619432,1
619437,9
619438,1
619443,3
619444,3
619450,6
619455,1
619456,3
619457,1
619462,7
619468,1
619469,2
619474,6
619475,4
619481,3
619487,6
619488,2
619493,3
619494,3
619499,4
619500,6
619506,2
619507,1
619512,8
619513,1
619518,4
619519,3
619524,2
619525,5
619530,1
619531,5
619532,2
619537,8
619538,1
619544,4
619549,2
619550,4
619556,7
619562,3
619563,1
619568,4
619569,5
619574,4
619575,7
619581,3
619587,6
619588,1
619593,1
619594,3
619599,5
619600,2
619606,4
619612,9
619618,5
619619,2
619624,5
619625,3
619630,1
619631,4
619632,2
619637,6
619638,1
619643,2
619649,2
619650,9
619655,1
619656,4
619662,7
619668,5
619669,1
619674,2
619675,5
619680,1
619681,2
619687,10
619694,1
619699,6
619700,6
619705,2
619706,4
619712,3
619718,3
619719,4
619725,7
619730,1
619731,2
619732,1
619737,12
619738,2
619743,2
619750,3
619755,3
619756,3
619762,6
619763,3
619768,3
619769,3
619774,3
619775,5
619780,2
619781,5
619787,8
619793,3
619794,2
619799,4
619800,4
619805,1
619806,4
619812,9
619818,1
619819,3
619824,2
619825,7
619830,1
619831,5
619837,7
619838,2
619843,4
619844,1
619849,4
619850,4
619856,3
619857,1
619862,6
619868,4
619869,2
619874,3
619875,3
619880,1
619881,2
619882,1
619887,6
619888,1
619893,2
619894,1
619899,3
619900,7
619905,1
619906,3
619907,1
619912,7
619913,2
619918,4
619919,3
619924,4
619925,6
619931,1
619932,1
619937,6
619943,4
619944,2
619949,6
619950,7
619956,4
619962,3
619968,2
619969,4
619974,1
619975,7
619981,5
619982,2
619987,6
619988,4
619993,3
619994,2
619999,3
620000,3
620006,3
620012,8
620013,1
620018,4
620019,3
620024,6
620025,6
620030,1
620031,2
620032,1
620037,9
620043,4
620044,1
620049,2
620050,3
620055,2
620056,3
620062,5
620063,2
620068,2
620069,2
620074,3
620075,8
620080,1
620081,4
620087,6
620093,3
620094,1
620099,1
620100,4
620105,1
620106,7
620107,1
620112,9
620118,2
620124,1
620125,6
620130,2
620131,3
620132,2
620137,10
620143,1
620144,4
620149,2
620150,7
620156,2
620162,7
620168,5
620169,2
620174,1
620175,6
620180,1
620181,4
620182,1
620187,6
620188,1
620193,6
620194,1
620199,3
620200,6
620205,1
620206,2
620207,1
620212,8
620218,2
620219,2
620224,7
620225,2
620230,2
620231,4
620237,5
620238,3
620243,3
620244,1
620249,2
620250,5
620255,1
620256,3
620262,8
620263,1
620268,5
620269,2
620274,3
620275,3
620280,1
620281,2
620282,2
620287,7
620288,2
620293,2
620294,7
620299,4
620300,1
620305,1
620306,3
620312,8
620318,4
620319,4
620324,1
620325,4
620331,5
620337,6
620343,2
620344,3
620349,6
620350,7
620356,2
620357,1
620362,7
620368,3
620369,1
620374,3
620375,5
620381,7
620382,1
620387,7
620388,1
620393,1
620399,3
620400,9
620405,1
620406,4
620407,1
620412,5
620418,3
620419,5
620424,1
620425,2
620430,1
620431,2
620437,7
620438,4
620443,5
620444,2
620449,4
620450,8
620456,1
620462,4
620463,1
620469,1
620474,2
620475,13
620480,1
620481,1
620487,10
620493,4
620499,4
620500,5
620505,2
620506,1
620512,5
620513,1
620518,2
620519,5
620524,2
620525,5
620530,1
620531,4
620532,1
620537,7
620538,1
620543,5
620544,3
620549,4
620550,5
620556,4
620557,1
620562,7
620568,1
620569,3
620574,4
620575,1
620580,2
620581,5
620587,9
620593,2
620594,1
620599,5
620600,5
620605,2
620606,4
620612,7
620613,1
620618,3
620619,1
620624,3
620625,3
620631,6
620637,6
620638,3
620643,3
620644,2
620649,5
620650,2
620656,4
620662,8
620668,4
620669,4
620674,5
620675,3
620681,1
620687,6
620688,3
620693,3
620694,1
620699,4
620700,4
620705,1
620706,7
620707,2
620712,5
620718,2
620719,3
620724,5
620725,6
620730,2
620731,3
620737,8
620738,1
620743,1
620749,5
620750,5
620755,1
620756,4
620762,7
620768,3
620769,1
620774,5
620775,5
620780,1
620781,6
620787,6
620788,1
620793,3
620794,3
620799,3
620800,3
620805,1
620806,5
620812,7
620813,1
620818,3
620819,3
620824,2
620825,3
620830,1
620831,4
620832,1
620837,7
620843,5
620844,2
620849,6
620851,1
620856,4
620862,12
620868,5
620869,4
620875,7
620881,6
620887,6
620888,2
620894,1
620899,4
620900,3
620905,1
620906,7
620912,9
620918,1
620919,2
620924,2
620925,7
620931,3
620937,6
620938,2
620943,4
620944,2
620949,1
620950,7
620956,1
620957,2
620962,8
620963,1
620968,1
620969,4
620974,5
620975,2
620980,1
620981,3
620987,10
620988,1
620993,4
620994,2
620999,2
621000,6
621006,1
621012,10
621013,1
621018,2
621019,2
621024,4
621025,3
621030,1
621031,5
621032,2
621037,9
621038,1
621043,5
621044,3
621049,4
621050,2
621056,5
621062,9
621063,1
621068,1
621069,1
621074,3
621075,9
621081,3
621087,7
621093,2
621094,3
621099,1
621100,4
621106,3
621112,13
621113,1
621118,4
621119,2
621124,4
621125,6
621130,1
621137,8
621143,2
621144,2
621149,2
621150,3
621156,10
621157,1
621162,6
621163,1
621168,3
621169,2
621174,2
621175,6
621180,2
621181,6
621187,4
621188,1
621193,2
621194,4
621199,2
621200,3
621206,3
621212,8
621213,3
621218,3
621219,3
621224,6
621225,4
621231,4
621237,6
621238,1
621244,3
621249,1
621250,7
621255,3
621256,7
621262,8
621263,1
621269,1
621274,3
621275,3
621281,5
621282,1
621287,7
621293,4
621294,2
621299,2
621300,3
621305,2
621306,4
621307,2
621312,9
621313,1
621318,1
621319,2
621324,4
621325,6
621330,2
621331,5
621337,6
621338,2
621343,3
621349,4
621350,4
621355,1
621356,8
621362,5
621368,2
621374,5
621375,5
621380,2
621381,4
621387,5
621393,3
621394,2
621399,3
621400,5
621405,1
621406,6
621407,1
621412,4
621418,5
621419,3
621424,7
621425,3
621431,2
621437,9
621443,2
621444,2
621449,1
621450,9
621456,4
621457,1
621462,6
621468,3
621469,3
621474,3
621475,9
621480,1
621481,3
621487,6
621488,1
621494,2
621499,4
621500,3
621505,1
621506,2
621507,1
621512,6
621513,1
621518,10
621519,4
621524,3
621525,3
621531,5
621537,7
621538,1
621543,1
621544,2
621549,3
621550,8
621555,1
621556,3
621562,8
621568,3
621569,2
621574,4
621575,1
621580,1
621581,6
621587,9
621593,4
621594,2
621599,4
621600,6
621606,2
621612,6
621613,1
621618,3
621619,3
621624,1
621625,10
621631,5
621632,1
621637,8
621649,4
621650,3
621655,1
621656,1
621657,2
621662,11
621663,1
621668,3
621669,3
621674,2
621675,11
621680,1
621681,2
621682,1
621687,6
621688,2
621693,1
621694,2
621699,1
621700,5
621706,6
621712,5
621713,1
621718,4
621719,1
621724,3
621725,4
621730,1
621731,5
621737,8
621738,1
621743,1
621744,1
621749,4
621750,5
621755,3
621756,3
621762,7
621763,1
621768,2
621769,1
621774,2
621775,6
621780,2
621781,2
621787,7
621788,2
621793,2
621794,3
621799,1
621800,6
621806,3
621812,5
621813,1
621818,2
621819,5
621824,4
621825,9
621830,1
621831,3
621832,2
621837,10
621843,2
621849,6
621850,2
621856,2
621862,7
621863,1
621868,4
621869,3
621875,9
621881,4
621882,1
621887,8
621888,1
621893,6
621899,1
621900,5
621906,5
621912,5
621918,4
621919,4
621924,3
621925,8
621931,4
621932,1
621937,6
621943,3
621944,3
621950,5
621955,2
621956,4
621957,2
621962,9
621963,1
621968,2
621969,3
621975,6
621980,1
621981,1
621987,12
621988,2
621993,2
621994,2
621999,2
622000,7
622006,2
622012,7
622018,5
622019,4
622024,4
622025,3
622030,1
622032,1
622037,9
622043,3
622044,5
622049,1
622050,6
622056,4
622062,9
622063,3
622068,1
622069,1
622074,4
622075,6
622080,1
622081,1
622082,1
622087,5
622088,1
622093,7
622099,6
622100,4
622105,2
622106,1
622112,8
622119,4
622124,2
622125,9
622130,1
622131,4
622137,8
622143,2
622144,1
622149,6
622150,5
622155,1
622156,5
622162,7
622163,2
622168,2
622174,1
622175,7
622181,4
622182,1
622187,6
622188,2
622193,5
622194,3
622199,3
622200,4
622206,6
622207,1
622212,4
622218,1
622224,7
622225,6
622230,1
622231,3
622237,8
622243,3
622244,2
622249,3
622250,5
622256,1
622257,1
622262,14
622263,1
622268,1
622269,1
622274,3
622275,7
622281,2
622282,1
622287,7
622293,5
622294,2
622299,6
622300,7
622306,3
622307,1
622312,7
622318,5
622319,2
622324,3
622325,2
622330,1
622332,1
622337,7
622343,5
622349,7
622350,6
622356,5
622362,8
622363,1
622368,6
622369,1
622375,3
622380,3
622381,1
622387,8
622388,1
622393,1
622394,2
622399,2
622400,3
622405,3
622406,4
622412,9
622413,1
622418,2
622419,3
622424,2
622425,5
622430,2
622431,4
622437,5
622438,1
622443,3
622444,2
622449,6
622450,4
622455,2
622456,5
622462,5
622463,3
622468,3
622469,3
622474,1
622475,7
622480,1
622481,2
622487,5
622488,1
622493,2
622494,5
622499,2
622500,4
622505,1
622506,5
622512,3
622518,2
622519,3
622524,6
622525,6
622531,9
622537,7
622543,4
622544,3
622549,2
622550,1
622556,1
622557,1
622562,6
622568,8
622569,2
622574,3
622575,7
622581,2
622587,4
622588,2
622593,1
622594,1
622599,7
622600,6
622606,1
622612,12
622613,1
622618,2
622624,3
622625,5
622630,1
622631,5
622632,1
622637,5
622638,3
622643,1
622644,4
622649,4
622650,7
622656,3
622662,4
622668,6
622669,2
622674,3
622675,6
622681,5
622682,2
622687,6
622688,1
622693,2
622694,1
622699,5
622700,9
622706,3
622712,9
622713,1
622718,2
622719,2
622724,1
622725,10
622737,8
622743,4
622744,3
622749,4
622750,7
622751,1
622756,4
622757,1
622762,8
622768,1
622774,1
622775,6
622781,6
622782,1
622787,8
622793,2
622794,5
622799,1
622800,5
622805,1
622806,4
622812,7
622813,1
622818,1
622819,1
622824,3
622825,4
622830,1
622831,4
622832,1
622837,11
622838,1
622843,7
622844,3
622849,1
622850,3
622855,2
622856,3
622862,8
622863,1
622868,2
622869,3
622874,4
622875,2
622881,4
622882,3
622887,4
622893,1
622894,6
622899,3
622900,6
622906,4
622912,4
622913,1
622918,6
622919,1
622924,6
622925,5
622931,4
622932,1
622937,11
622938,1
622943,3
622944,1
622949,3
622950,4
622962,5
622968,4
622969,4
622974,4
622975,7
622981,5
622982,1
622987,10
622988,2
622993,4
623005,2
623006,2
623007,1
623012,8
623013,1
623018,7
623019,2
623024,2
623025,2
623030,1
623031,2
623032,1
623037,11
623038,1
623043,4
623044,2
623049,4
623050,5
623055,1
623056,6
623062,8
623068,2
623069,1
623074,7
623075,3
623081,1
623087,11
623093,1
623094,3
623099,3
623100,4
623105,1
623106,2
623107,3
623112,5
623113,1
623118,3
623124,6
623125,3
623130,1
623131,5
623132,1
623137,8
623138,1
623143,5
623144,1
623149,4
623150,5
623155,1
623156,2
623162,7
623163,2
623168,1
623169,2
623174,2
623175,8
623180,1
623181,5
623182,1
623187,6
623193,5
623194,1
623199,6
623200,4
623206,1
623207,1
623212,4
623213,2
623218,4
623219,1
623224,4
623225,10
623231,3
623232,1
623237,5
623243,2
623244,1
623249,1
623250,7
623255,1
623256,3
623262,9
623268,3
623269,1
623274,6
623275,6
623281,2
623282,2
623287,9
623288,4
623293,1
623299,1
623300,5
623306,3
623312,10
623313,1
623318,4
623319,2
623324,3
623325,4
623331,2
623332,1
623337,9
623338,1
623343,5
623344,5
623349,1
623350,1
623356,6
623362,8
623363,2
623368,3
623369,1
623374,1
623375,4
623380,2
623381,1
623382,2
623387,10
623393,3
623394,1
623399,3
623400,5
623406,1
623412,10
623413,2
623418,1
623419,2
623424,5
623425,6
623431,2
623437,10
623443,1
623444,1
623449,4
623450,6
623456,4
623457,1
623462,9
623463,1
623468,1
623474,1
623475,8
623480,1
623481,1
623487,8
623488,3
623493,3
623494,4
623499,1
623500,7
623505,1
623506,1
623512,6
623513,4
623518,5
623519,2
623524,1
623525,4
623531,2
623532,2
623537,8
623538,1
623543,3
623544,2
623549,2
623550,8
623556,3
623557,1
623562,7
623563,3
623568,2
623569,1
623574,3
623575,8
623580,1
623581,2
623582,1
623587,6
623588,1
623593,3
623594,6
623599,1
623600,4
623606,7
623607,1
623612,4
623613,1
623618,4
623619,1
623624,6
623625,3
623630,1
623631,4
623637,8
623638,1
623644,1
623649,6
623650,7
623656,2
623657,1
623662,5
623663,2
623668,3
623669,3
623674,3
623675,3
623680,2
623681,5
623682,1
623687,6
623693,4
623694,2
623699,2
623700,4
623705,1
623706,4
623707,1
623712,10
623718,2
623719,1
623724,3
623725,5
623730,1
623731,5
623732,1
623737,7
623738,1
623743,2
623744,1
623749,5
623750,3
623756,6
623757,1
623762,11
623768,1
623769,1
623774,4
623775,4
623780,1
623781,4
623782,1
623787,9
623793,2
623794,2
623799,4
623800,6
623812,8
623813,2
623818,2
623819,1
623824,6
623825,5
623831,4
623837,9
623838,1
623843,3
623844,1
623849,4
623850,7
623857,1
623862,4
623863,2
623868,3
623869,5
623874,2
623875,6
623881,2
623882,2
623887,6
623888,2
623893,3
623894,4
623900,3
623906,6
623907,2
623912,9
623913,1
623918,1
623919,1
623924,2
623925,5
623930,1
623931,4
623937,7
623938,1
623943,3
623944,3
623949,4
623950,7
623956,6
623962,5
623969,1
623974,4
623975,6
623981,6
623982,1
623987,6
623988,2
623993,1
623994,2
623999,6
624000,4
624006,6
624012,4
624013,1
624018,4
624019,5
624024,4
624025,5
624031,3
624032,1
624037,5
624043,2
624044,4
624049,2
624050,5
624056,3
624057,2
624062,4
624068,5
624069,2
624075,9
624081,5
624082,3
624087,7
624093,1
624099,5
624100,4
624106,2
624107,2
624112,9
624119,2
624124,6
624125,6
624131,4
624137,6
624138,2
624143,2
624144,1
624149,2
624150,6
624155,1
624156,3
624157,2
624162,8
624163,1
624168,1
624169,4
624175,6
624181,2
624182,1
624187,9
624188,1
624193,4
624194,1
624199,2
624200,7
624205,1
624206,2
624207,1
624212,5
624213,2
624218,1
624219,4
624224,1
624225,5
624230,3
624231,7
624232,1
624237,10
624243,4
624244,2
624249,2
624250,1
624256,2
624257,1
624262,7
624263,2
624269,4
624274,2
624275,5
624276,1
624281,7
624282,1
624287,8
624288,1
624293,5
624294,1
624299,3
624300,3
624305,1
624306,3
624312,9
624313,1
624318,4
624319,2
624324,3
624325,2
624330,1
624331,3
624337,6
624338,2
624343,5
624344,2
624350,7
624356,4
624357,2
624362,5
624363,3
624368,5
624374,4
624375,5
624381,2
624387,12
624393,2
624394,1
624400,6
624405,3
624406,3
624412,14
624418,2
624419,1
624424,3
624425,5
624430,1
624431,3
624437,9
624438,1
624443,1
624444,2
624449,1
624450,6
624455,1
624456,3
624462,8
624463,2
624468,2
624469,1
624474,5
624475,7
624480,1
624481,3
624482,1
624487,7
624488,1
624494,4
624499,2
624500,5
624505,2
624506,5
624512,4
624513,1
624518,2
624519,4
624524,3
624525,6
624531,3
624532,1
624537,11
624543,1
624544,3
624549,4
624550,7
624556,3
624562,9
624568,1
624569,1
624574,3
624575,3
624580,1
624581,2
624587,7
624588,1
624593,2
624594,1
624599,3
624600,5
624606,5
624607,1
624612,11
624618,2
624619,4
624624,2
624625,3
624631,4
624632,1
624637,5
624638,3
624643,2
624644,2
624649,5
624650,4
624655,1
624656,3
624657,3
624662,4
624663,1
624668,3
624669,2
624674,2
624675,9
624681,8
624687,5
624688,1
624693,5
624694,2
624699,1
624700,4
624706,4
624712,6
624713,3
624718,1
624719,4
624724,1
624725,4
624730,2
624731,3
624732,2
624737,8
624738,3
624743,2
624744,2
624749,4
624750,6
624756,3
624757,1
624762,10
624768,4
624774,3
624775,1
624780,2
624781,2
624782,2
624787,7
624793,1
624794,3
624799,2
624800,7
624805,2
624806,5
624812,6
624818,6
624819,1
624824,1
624825,6
624830,1
624831,2
624832,2
624837,7
624838,1
624843,3
624844,1
624849,3
624850,4
624855,1
624856,5
624862,5
624863,3
624868,4
624869,1
624874,3
624875,4
624880,1
624881,3
624887,8
624888,1
624893,2
624894,2
624899,3
624900,6
624906,4
624912,8
624919,1
624924,7
624925,6
624931,1
624937,13
624944,1
624949,3
624950,8
624955,1
624956,2
624962,10
624963,3
624968,1
624969,2
624974,7
624975,3
624980,1
624981,2
624987,9
624988,2
624993,2
624994,3
624999,4
625000,2
625005,1
625006,1
625012,9
625018,5
625019,3
625024,2
625025,8
625030,1
625031,1
625037,8
625043,1
625044,1
625049,1
625050,6
625056,10
625057,2
625062,7
625063,3
625069,4
625074,2
625075,3
625081,5
625087,7
625093,4
625094,3
625099,4
625100,4
625105,1
625106,3
625112,9
625118,1
625119,2
625124,4
625125,3
625130,2
625131,1
625137,7
625138,2
625143,1
625144,8
625149,2
625150,4
625151,1
625156,3
625162,9
625163,3
625168,2
625169,4
625174,6
625175,2
625180,4
625181,3
625187,6
625188,1
625193,3
625194,1
625199,3
625200,3
625205,2
625206,3
625212,7
625213,2
625218,3
625219,1
625224,6
625225,6
625230,1
625231,5
625232,1
625237,8
625243,1
625244,1
625249,1
625250,4
625255,1
625256,3
625262,11
625263,1
625268,5
625269,1
625274,1
625275,7
625280,1
625281,1
625287,10
625288,1
625293,2
625299,4
625300,3
625305,1
625306,6
625312,6
625318,3
625319,5
625324,3
625325,5
625330,2
625331,3
625337,4
625338,2
625343,1
625344,2
625349,4
625350,7
625355,1
625356,5
625362,9
625368,2
625369,2
625374,6
625375,6
625381,1
625382,1
625387,8
625388,1
625393,2
625394,2
625399,1
625400,3
625405,1
625406,3
625407,1
625412,7
625418,6
625419,2
625424,4
625425,5
625430,2
625431,3
625432,1
625437,5
625438,3
625443,2
625444,7
625449,2
625450,3
625456,4
625462,3
625463,2
625468,5
625469,1
625474,4
625475,5
625481,4
625482,1
625487,6
625493,3
625494,3
625499,4
625500,8
625506,3
625512,7
625513,1
625519,3
625524,3
625525,5
625531,3
625532,1
625537,9
625538,3
625543,5
625544,3
625549,2
625550,4
625555,1
625562,3
625563,3
625568,6
625569,1
625574,3
625575,7
625580,1
625581,3
625582,1
625587,8
625593,3
625594,1
625599,2
625600,3
625601,1
625605,1
625606,4
625612,6
625618,5
625619,2
625624,5
625625,7
625631,2
625632,1
625637,7
625643,1
625644,3
625645,1
625649,4
625650,3
625655,2
625656,5
625657,2
625662,6
625668,3
625669,3
625674,3
625675,3
625681,1
625687,9
625688,3
625693,4
625694,3
625699,2
625700,4
625705,1
625706,5
625707,1
625712,6
625713,1
625718,4
625719,1
625724,3
625725,7
625730,1
625731,3
625737,6
625743,3
625744,3
625749,5
625750,1
625756,4
625762,6
625763,1
625768,4
625769,3
625774,4
625775,4
625781,4
625787,5
625788,1
625793,4
625794,5
625799,2
625800,2
625805,1
625806,3
625807,2
625812,13
625813,2
625819,1
625824,1
625825,8
625831,4
625832,1
625837,7
625838,2
625843,3
625844,3
625849,1
625850,4
625856,2
625857,1
625862,6
625863,2
625868,4
625869,1
625874,2
625875,5
625880,2
625881,3
625887,6
625888,1
625894,4
625899,6
625900,5
625905,2
625906,4
625907,1
625912,4
625918,7
625919,3
625924,2
625925,3
625930,1
625931,5
625932,1
625937,8
625943,2
625944,2
625949,3
625950,6
625956,6
625962,5
625968,3
625969,1
625974,4
625975,6
625980,1
625981,6
625987,4
625988,1
625993,5
625994,4
625999,1
626000,5
626005,1
626006,4
626012,4
626018,1
626019,3
626024,3
626025,5
626030,1
626031,6
626037,12
626043,3
626044,1
626049,3
626050,5
626062,6
626063,2
626068,3
626069,1
626074,5
626075,9
626081,4
626087,7
626088,1
626093,1
626094,3
626099,6
626100,6
626106,2
626107,1
626112,5
626113,1
626118,4
626119,2
626124,2
626125,5
626131,3
626132,1
626137,9
626143,4
626144,2
626149,5
626150,4
626155,1
626156,3
626162,6
626168,5
626169,1
626174,6
626175,3
626181,3
626182,1
626187,10
626188,1
626193,2
626194,1
626199,2
626200,4
626206,2
626212,9
626218,3
626219,3
626224,2
626225,9
626230,2
626231,2
626237,9
626244,2
626249,7
626250,7
626255,2
626256,2
626257,1
626262,2
626263,1
626268,4
626274,2
626275,8
626280,1
626281,4
626287,7
626288,1
626293,3
626294,2
626299,4
626300,4
626306,2
626312,10
626313,1
626318,2
626319,2
626324,2
626325,2
626331,3
626332,2
626337,10
626338,2
626343,3
626344,1
626349,2
626350,5
626355,1
626356,6
626357,1
626362,11
626368,4
626369,2
626374,1
626375,5
626381,1
626382,1
626387,11
626388,1
626393,1
626394,4
626399,1
626400,3
626406,2
626407,1
626412,14
626418,1
626419,3
626424,2
626425,6
626430,1
626431,2
626437,9
626438,2
626443,2
626444,2
626449,5
626450,6
626455,1
626456,2
626462,4
626468,3
626469,3
626474,2
626475,5
626480,2
626481,5
626482,1
626487,3
626493,3
626494,1
626499,2
626500,11
626505,1
626506,3
626512,6
626513,1
626518,1
626519,1
626524,3
626525,9
626530,1
626532,1
626537,6
626538,3
626543,4
626544,5
626549,5
626550,6
626555,1
626556,5
626562,3
626568,3
626574,3
626575,9
626581,4
626587,4
626593,6
626594,2
626599,2
626600,6
626606,2
626607,1
626612,6
626618,4
626619,4
626624,1
626625,6
626631,7
626637,6
626643,3
626644,4
626649,3
626650,6
626656,5
626662,7
626668,1
626669,4
626674,4
626675,1
626680,2
626681,2
626682,1
626687,7
626693,6
626694,1
626699,7
626700,5
626705,1
626706,1
626712,6
626713,2
626718,2
626719,4
626724,2
626725,4
626731,1
626732,1
626737,8
626738,3
626743,5
626744,2
626749,2
626750,4
626756,3
626762,9
626763,1
626768,6
626769,3
626774,4
626775,3
626781,5
626787,6
626788,1
626793,3
626794,2
626799,4
626800,1
626805,1
626806,7
626812,8
626818,2
626819,4
626824,1
626825,6
626830,1
626831,4
626832,1
626837,8
626843,4
626849,3
626850,7
626855,1
626856,2
626857,1
626862,7
626868,1
626869,4
626874,2
626875,7
626881,1
626887,5
626888,2
626893,5
626894,3
626899,4
626900,7
626906,3
626912,8
626918,1
626919,5
626925,3
626931,2
626932,1
626937,5
626938,2
626943,5
626944,3
626949,6
626950,2
626955,1
626956,3
626957,1
626962,8
626968,3
626969,2
626974,5
626975,6
626980,2
626981,1
626987,12
626988,1
626994,2
626999,5
627000,5
627006,3
627007,1
627012,4
627013,2
627018,1
627024,6
627025,5
627030,1
627031,3
627032,1
627037,9
627043,1
627044,2
627049,1
627050,7
627055,1
627056,4
627062,9
627063,1
627068,3
627069,3
627074,1
627075,4
627080,1
627081,6
627087,7
627093,1
627094,3
627099,3
627100,6
627105,2
627106,3
627107,1
627112,7
627113,2
627118,4
627119,3
627124,2
627125,3
627130,1
627131,3
627137,11
627138,2
627143,3
627144,1
627149,1
627150,7
627155,2
627156,2
627162,7
627163,1
627168,1
627169,4
627175,5
627181,5
627187,11
627188,1
627193,3
627194,1
627199,7
627200,1
627206,1
627212,9
627213,3
627218,1
627219,2
627224,2
627225,9
627231,2
627237,9
627238,1
627243,1
627244,4
627249,3
627250,4
627255,1
627256,7
627262,5
627263,1
627268,7
627269,1
627274,1
627275,6
627280,1
627287,11
627293,2
627294,2
627299,6
627300,2
627305,1
627306,3
627312,7
627318,3
627319,3
627324,5
627325,6
627331,2
627337,9
627338,1
627343,5
627344,1
627349,6
627350,3
627356,6
627362,7
627368,2
627374,4
627375,2
627381,3
627387,11
627393,3
627394,4
627399,2
627400,5
627406,2
627412,6
627413,2
627418,3
627419,5
627424,1
627425,4
627431,4
627432,1
627437,8
627438,2
627443,2
627444,3
627449,3
627450,1
627456,5
627462,10
627468,3
627469,2
627474,4
627475,1
627481,3
627487,10
627488,2
627493,1
627499,3
627500,9
627505,2
627506,4
627512,8
627519,2
627525,5
627530,3
627531,4
627532,1
627537,7
627543,4
627544,4
627549,1
627550,6
627556,2
627557,1
627562,8
627563,3
627568,4
627569,1
627574,2
627575,5
627580,1
627581,3
627582,2
627587,8
627588,2
627593,2
627594,3
627599,2
627600,1
627605,1
627606,1
627612,11
627613,1
627618,3
627619,4
627624,2
627625,5
627626,1
627631,5
627637,10
627643,2
627644,1
627649,5
627650,4
627655,1
627656,4
627662,5
627663,1
627668,3
627669,3
627674,3
627675,5
627680,1
627681,4
627687,7
627688,1
627693,2
627699,4
627700,5
627705,1
627706,4
627707,1
627712,7
627713,1
627718,3
627724,6
627725,2
627730,1
627731,2
627732,2
627737,8
627738,1
627743,2
627744,1
627749,3
627750,3
627756,7
627762,10
627763,1
627768,1
627769,3
627774,2
627775,9
627781,3
627787,8
627788,1
627794,1
627799,1
627800,4
627806,6
627807,1
627812,7
627813,2
627818,5
627819,2
627824,2
627825,4
627830,1
627831,6
627837,7
627843,3
627844,3
627849,3
627850,8
627856,3
627862,7
627863,1
627868,1
627869,1
627874,2
627875,4
627881,4
627887,7
627888,1
627893,3
627894,3
627899,1
627900,4
627905,1
627906,4
627912,5
627913,1
627918,2
627919,3
627924,2
627925,9
627931,2
627932,1
627937,11
627943,2
627944,6
627949,2
627950,5
627955,1
627956,3
627962,8
627968,2
627969,2
627974,1
627975,6
627981,6
627982,1
627987,11
627988,1
627993,3
627994,2
628000,5
628006,1
628007,2
628012,12
628018,2
628019,1
628024,3
628025,3
628031,2
628032,1
628037,6
628043,5
628044,3
628049,5
628050,8
628055,1
628056,4
628062,6
628068,4
628069,1
628074,2
628075,4
628080,2
628081,2
628082,1
628087,5
628093,1
628094,1
628099,4
628100,4
628106,5
628107,1
628112,9
628118,6
628119,3
628124,2
628125,3
628131,5
628137,9
628143,4
628144,1
628149,2
628150,4
628155,1
628156,4
628157,1
628162,3
628163,4
628168,3
628174,3
628175,8
628181,1
628187,9
628188,1
628193,2
628194,4
628199,3
628200,6
628205,1
628206,3
628212,5
628213,1
628218,3
628219,5
628224,4
628225,6
628230,2
628231,2
628237,7
628238,2
628243,1
628244,5
628249,4
628250,2
628255,1
628256,2
628257,1
628262,8
628268,2
628274,7
628275,5
628280,1
628281,5
628282,1
628287,11
628293,1
628294,1
628300,6
628305,1
628306,4
628312,7
628318,1
628319,4
628324,3
628325,9
628330,2
628331,1
628337,8
628343,1
628344,1
628349,2
628350,2
628355,1
628356,6
628357,1
628362,5
628363,1
628368,3
628369,2
628374,3
628375,8
628381,2
628382,1
628387,7
628388,2
628393,4
628394,2
628399,5
628400,4
628406,1
628412,11
628418,2
628419,1
628424,3
628425,4
628431,6
628437,9
628443,1
628444,3
628449,1
628450,5
628456,1
628457,2
628462,5
628463,1
628468,8
628469,3
628474,2
628475,5
628480,2
628481,4
628487,7
628488,1
628493,2
628494,3
628499,3
628500,3
628505,1
628506,1
628507,1
628512,5
628513,3
628518,5
628519,1
628524,3
628525,9
628530,2
628531,1
628537,7
628538,1
628543,3
628544,3
628549,1
628550,6
628555,1
628556,2
628562,7
628563,2
628568,4
628569,1
628574,5
628575,6
628580,1
628581,3
628587,6
628588,2
628593,3
628594,1
628599,2
628600,4
628605,2
628606,5
628612,7
628613,1
628618,2
628619,5
628624,4
628625,3
628631,4
628632,1
628637,7
628643,2
628644,1
628649,3
628650,7
628655,1
628656,3
628662,9
628668,2
628674,3
628675,5
628680,2
628681,3
628687,7
628693,2
628694,3
628699,9
628700,6
628706,2
628712,5
628713,1
628718,3
628719,3
628724,5
628725,4
628730,1
628731,1
628737,8
628743,2
628744,1
628749,2
628750,12
628756,6
628762,6
628763,1
628768,2
628769,3
628775,1
628780,1
628781,7
628782,1
628787,7
628793,3
628794,4
628799,2
628800,6
628806,3
628812,8
628818,4
628819,2
628824,2
628825,2
628831,6
628832,2
628837,5
628843,5
628844,2
628849,3
628850,5
628855,1
628856,4
628857,1
628862,7
628863,2
628868,2
628869,1
628874,3
628875,3
628880,1
628881,5
628887,7
628888,2
628893,2
628899,2
628900,7
628905,2
628906,3
628912,10
628913,1
628918,3
628919,2
628925,7
628930,1
628931,5
628932,1
628937,11
628938,1
628943,2
628949,3
628950,3
628955,1
628956,4
628962,4
628968,1
628969,6
628974,4
628975,5
628981,6
628987,7
628988,1
628993,4
628994,1
628999,2
629000,3
629005,2
629006,2
629012,10
629013,1
629019,3
629024,2
629025,7
629030,3
629031,2
629032,1
629037,6
629038,1
629043,2
629044,5
629049,4
629050,5
629056,3
629057,2
629062,2
629063,1
629068,2
629069,3
629074,4
629075,3
629080,2
629081,2
629082,1
629087,10
629088,3
629093,4
629094,3
629099,1
629100,7
629106,3
629112,3
629113,2
629118,3
629119,1
629124,4
629125,6
629130,1
629131,4
629137,6
629143,5
629144,5
629149,2
629150,4
629155,1
629156,2
629162,5
629168,3
629169,5
629174,4
629175,6
629180,1
629181,4
629187,6
629193,4
629194,4
629199,5
629200,3
629205,1
629206,1
629212,7
629218,3
629224,2
629225,7
629230,1
629231,1
629232,1
629237,13
629243,2
629244,2
629249,3
629250,6
629255,1
629256,1
629262,13
629263,2
629268,2
629269,2
629274,2
629275,6
629280,1
629281,4
629287,4
629288,1
629293,1
629294,3
629299,6
629300,2
629305,2
629306,3
629312,7
629313,1
629318,5
629319,1
629324,2
629325,5
629331,4
629332,1
629337,6
629343,2
629344,3
629349,6
629350,5
629356,1
629357,1
629362,7
629363,1
629368,2
629369,1
629374,8
629375,6
629380,1
629381,3
629387,7
629394,4
629399,5
629400,2
629405,1
629406,7
629412,4
629413,2
629418,1
629419,3
629424,5
629425,4
629431,4
629437,5
629438,1
629443,5
629444,3
629449,3
629450,4
629456,5
629457,1
629462,7
629468,4
629469,1
629474,4
629475,6
629481,3
629487,9
629493,4
629494,2
629500,7
629506,1
629507,1
629512,4
629518,5
629519,3
629524,4
629525,7
629526,1
629530,1
629531,2
629537,7
629538,1
629544,3
629549,2
629550,5
629555,1
629556,4
629557,2
629562,2
629563,2
629568,6
629569,4
629574,5
629575,5
629580,1
629581,1
629587,9
629588,2
629594,5
629599,2
629600,3
629605,2
629606,5
629607,1
629612,7
629613,1
629618,1
629619,5
629624,3
629625,3
629630,1
629631,4
629637,10
629638,3
629644,1
629649,2
629650,4
629656,6
629662,6
629663,2
629668,5
629669,4
629674,2
629675,3
629681,4
629682,1
629687,8
629688,1
629694,1
629699,5
629700,7
629706,5
629712,8
629718,1
629719,1
629724,6
629725,2
629731,3
629737,10
629738,3
629743,3
629744,4
629749,2
629750,3
629755,1
629756,4
629762,9
629763,1
629769,3
629774,3
629775,1
629781,3
629782,2
629787,9
629788,2
629793,2
629794,1
629799,6
629800,4
629806,3
629807,2
629812,6
629813,2
629818,2
629819,1
629824,4
629825,5
629831,5
629832,2
629837,8
629838,1
629843,1
629844,2
629849,1
629850,4
629855,2
629856,3
629862,5
629863,3
629868,4
629869,3
629874,2
629875,4
629880,1
629881,2
629882,1
629887,8
629893,2
629894,4
629899,1
629900,7
629905,1
629906,2
629907,2
629912,2
629918,5
629919,2
629924,4
629925,6
629931,4
629937,9
629938,1
629943,1
629944,2
629949,1
629950,7
629955,1
629957,2
629962,12
629963,1
629968,2
629969,1
629974,2
629975,5
629980,2
629981,2
629987,9
629988,2
629993,2
629994,3
629999,3
630000,6
630005,1
630006,4
630007,1
630012,5
630013,1
630018,3
630019,1
630024,2
630025,9
630030,1
630031,1
630037,9
630043,1
630049,5
630050,3
630055,2
630056,4
630057,1
630062,6
630063,2
630068,1
630069,3
630074,6
630075,5
630080,1
630081,5
630087,6
630088,2
630093,3
630099,4
630100,1
630105,1
630106,2
630107,1
630112,4
630113,2
630118,4
630119,3
630124,3
630125,5
630130,2
630131,1
630137,7
630138,1
630143,1
630144,3
630149,4
630150,11
630155,1
630156,4
630157,1
630162,6
630168,4
630174,1
630175,4
630180,1
630181,1
630187,11
630188,1
630193,1
630194,3
630199,3
630200,4
630205,2
630206,2
630212,9
630218,4
630219,3
630224,1
630225,2
630230,2
630231,3
630237,9
630238,2
630243,3
630244,2
630250,8
630251,1
630256,5
630262,6
630263,1
630268,3
630274,2
630275,7
630281,2
630282,3
630287,9
630288,1
630293,1
630294,1
630299,2
630300,6
630305,1
630306,4
630307,1
630312,9
630313,1
630318,4
630319,5
630324,1
630325,4
630330,2
630331,1
630337,8
630343,4
630344,1
630349,3
630350,4
630355,1
630356,3
630362,5
630368,4
630369,3
630375,11
630380,4
630381,1
630382,1
630387,6
630388,1
630393,1
630394,5
630399,5
630400,3
630405,1
630406,2
630412,7
630413,2
630424,2
630425,6
630430,1
630431,6
630432,1
630437,8
630438,2
630443,3
630444,3
630449,1
630450,3
630455,2
630456,3
630462,10
630463,1
630468,3
630469,1
630474,1
630475,6
630476,1
630481,7
630487,4
630493,4
630494,3
630499,2
630500,4
630505,1
630506,4
630512,5
630518,4
630519,3
630524,2
630525,5
630531,5
630537,8
630543,2
630544,4
630549,3
630550,6
630556,3
630562,7
630563,1
630568,4
630569,2
630574,3
630575,5
630580,1
630581,3
630582,2
630587,5
630588,2
630593,6
630594,4
630599,4
630600,3
630605,1
630606,1
630612,8
630618,3
630619,2
630624,2
630625,6
630631,3
630632,1
630637,7
630638,1
630643,4
630644,2
630649,3
630650,3
630655,2
630656,2
630662,10
630663,3
630668,5
630669,1
630674,3
630675,2
630680,1
630681,1
630687,10
630688,1
630693,4
630699,4
630700,6
630706,1
630712,10
630718,3
630724,2
630725,4
630730,4
630731,6
630737,5
630738,1
630743,2
630744,2
630749,3
630750,3
630755,2
630756,1
630757,1
630762,8
630763,1
630768,2
630769,4
630774,4
630775,6
630780,1
630781,7
630787,3
630793,4
630794,3
630799,5
630800,4
630806,5
630807,1
630812,6
630818,2
630819,2
630824,3
630825,4
630830,1
630831,6
630837,6
630843,4
630844,2
630850,5
630855,3
630856,4
630857,1
630862,9
630869,1
630874,4
630875,5
630880,1
630881,2
630887,8
630888,1
630893,1
630894,2
630899,6
630900,5
630905,1
630906,2
630907,1
630912,7
630913,1
630918,1
630919,1
630924,3
630925,5
630930,4
630931,4
630932,1
630937,6
630938,2
630943,1
630944,1
630949,5
630950,6
630956,2
630962,7
630969,3
630974,2
630975,7
630980,1
630981,2
630987,12
630988,2
630993,2
630999,4
631000,4
631006,1
631012,9
631013,1
631018,3
631019,4
631024,1
631025,8
631031,3
631037,9
631038,1
631043,2
631044,3
631049,4
631050,4
631055,1
631056,4
631062,5
631063,1
631068,1
631074,3
631075,9
631080,3
631081,3
631082,1
631087,5
631093,3
631094,2
631099,3
631100,7
631105,1
631106,3
631112,11
631113,1
631118,2
631119,1
631124,4
631125,6
631130,1
631131,1
631137,8
631143,2
631144,1
631149,5
631150,5
631155,2
631156,3
631162,4
631163,1
631168,4
631169,5
631174,3
631175,5
631180,1
631181,4
631182,1
631187,3
631188,1
631193,3
631194,1
631199,2
631200,4
631206,4
631207,1
631212,8
631213,1
631218,2
631219,2
631224,4
631225,1
631230,2
631231,4
631232,2
631237,6
631238,3
631244,4
631249,2
631250,4
631256,4
631257,1
631262,7
631268,4
631269,5
631274,3
631275,4
631280,1
631281,3
631287,6
631288,2
631294,2
631299,3
631300,9
631305,1
631306,4
631312,7
631318,3
631319,2
631324,4
631325,6
631330,1
631332,1
631337,4
631338,3
631343,3
631344,3
631349,3
631350,8
631355,1
631356,6
631357,1
631362,3
631363,1
631368,2
631369,1
631374,4
631375,4
631380,1
631381,1
631382,2
631387,5
631388,1
631393,1
631394,1
631399,4
631400,8
631405,2
631406,3
631412,9
631413,2
631418,2
631419,2
631425,9
631430,1
631431,6
631437,4
631438,1
631443,2
631444,1
631449,1
631450,4
631455,1
631456,5
631457,2
631462,10
631463,2
631468,2
631469,1
631474,4
631475,3
631487,9
631488,2
631493,3
631494,2
631499,4
631500,6
631505,1
631506,3
631507,1
631512,5
631513,2
631518,2
631519,4
631524,2
631525,4
631530,1
631531,2
631537,9
631538,1
631543,2
631544,2
631549,3
631550,6
631555,2
631556,3
631562,8
631568,3
631569,1
631574,4
631575,4
631581,4
631587,10
631588,2
631593,1
631594,2
631599,2
631600,4
631605,1
631606,1
631612,10
631618,2
631619,2
631624,3
631625,6
631630,1
631631,2
631632,1
631637,10
631638,1
631643,2
631644,1
631649,4
631650,5
631655,1
631656,3
631662,9
631663,1
631668,1
631669,2
631674,4
631675,2
631680,2
631681,3
631682,1
631687,9
631688,1
631693,1
631694,1
631699,2
631700,7
631705,1
631706,4
631712,10
631718,2
631724,4
631725,6
631731,5
631732,1
631737,8
631743,3
631744,4
631749,3
631750,1
631755,1
631756,4
631762,8
631768,1
631769,2
631774,4
631775,5
631780,1
631781,2
631782,1
631787,9
631793,2
631794,2
631799,5
631800,3
631805,1
631806,2
631807,1
631812,8
631813,2
631818,4
631819,1
631824,3
631825,8
631830,1
631831,4
631832,1
631837,6
631843,3
631849,3
631850,5
631856,6
631857,1
631862,5
631863,2
631868,3
631869,2
631874,5
631875,5
631880,2
631881,3
631887,4
631893,2
631894,1
631899,6
631900,5
631906,6
631912,7
631913,1
631918,3
631924,3
631925,7
631931,5
631937,8
631938,1
631943,1
631944,1
631949,3
631950,4
631956,6
631957,1
631962,7
631968,2
631969,2
631974,4
631975,4
631981,1
631987,9
631988,1
631993,2
631994,1
631999,4
632000,5
632005,1
632006,4
632007,1
632012,9
632018,2
632019,3
632024,2
632025,3
632030,1
632031,2
632032,2
632037,10
632043,2
632044,1
632049,2
632050,9
632056,3
632057,1
632062,5
632068,5
632069,1
632074,2
632075,9
632081,5
632082,1
632087,9
632093,2
632094,1
632099,1
632100,4
632105,2
632106,1
632112,9
632113,1
632118,3
632124,4
632125,9
632130,2
632131,4
632137,6
632143,1
632144,2
632149,6
632150,4
632156,3
632162,6
632163,1
632168,4
632169,3
632174,2
632175,4
632181,4
632182,1
632187,5
632188,1
632193,2
632194,2
632199,8
632200,4
632206,3
632207,1
632212,7
632218,4
632219,1
632224,2
632225,3
632230,2
632231,10
632237,4
632238,2
632243,3
632244,2
632249,1
632250,4
632256,7
632257,2
632262,4
632263,1
632269,1
632274,4
632275,4
632280,2
632281,3
632282,2
632287,3
632293,3
632294,3
632299,4
632300,6
632306,3
632312,8
632313,2
632318,2
632319,1
632324,5
632325,8
632331,3
632332,1
632337,2
632338,2
632343,3
632344,1
632349,5
632350,2
632355,2
632356,1
632357,1
632362,9
632368,4
632369,3
632374,2
632375,3
632380,1
632381,4
632387,7
632393,3
632394,2
632399,1
632400,4
632405,2
632406,3
632407,3
632412,10
632418,1
632419,1
632424,5
632425,6
632437,10
632443,6
632449,3
632450,5
632455,2
632456,3
632462,10
632463,1
632468,3
632474,2
632475,2
632480,2
632481,6
632487,8
632488,1
632493,2
632494,1
632499,3
632500,7
632505,1
632506,3
632512,4
632518,4
632524,2
632525,8
632530,1
632531,1
632532,1
632537,9
632538,1
632543,4
632544,5
632549,3
632550,2
632556,5
632562,5
632563,1
632568,4
632569,3
632574,3
632575,3
632581,2
632587,7
632593,6
632594,2
632600,8
632605,1
632606,2
632607,2
632612,6
632613,1
632618,2
632619,2
632624,4
632625,3
632630,1
632631,6
632632,1
632637,3
632638,2
632643,2
632644,5
632649,3
632650,7
632651,1
632656,3
632662,8
632668,3
632669,1
632674,2
632675,5
632680,1
632681,3
632687,4
632688,1
632693,4
632694,5
632699,1
632700,8
632705,1
632706,3
632707,2
632712,8
632713,1
632718,2
632719,2
632724,4
632725,2
632731,2
632732,1
632737,7
632738,2
632743,1
632744,1
632749,3
632750,6
632756,1
632762,13
632763,1
632768,1
632769,3
632774,4
632775,3
632781,5
632787,8
632793,3
632794,1
632799,5
632800,3
632805,3
632806,2
632812,4
632813,3
632818,3
632819,2
632824,5
632825,4
632830,1
632831,4
632837,8
632838,1
632843,1
632844,5
632849,2
632850,6
632857,1
632862,9
632863,2
632868,4
632869,2
632874,2
632875,2
632880,1
632881,4
632887,11
632893,4
632894,3
632899,2
632900,5
632905,2
632906,2
632907,1
632912,4
632918,3
632919,4
632924,1
632925,5
632930,1
632931,4
632937,8
632938,2
632943,2
632944,1
632949,3
632950,4
632956,4
632962,9
632963,2
632968,4
632969,2
632974,1
632975,6
632980,2
632981,1
632987,7
632993,2
632994,2
632999,3
633000,9
633006,1
633007,1
633012,5
633013,1
633018,5
633019,1
633024,3
633025,8
633031,5
633037,6
633043,2
633044,2
633049,3
633050,4
633055,3
633056,3
633062,5
633063,1
633068,3
633069,3
633074,5
633075,4
633080,1
633081,6
633087,6
633093,2
633094,6
633099,4
633100,1
633106,3
633112,9
633118,4
633119,2
633124,2
633125,3
633130,1
633131,4
633132,1
633137,9
633138,1
633143,3
633144,1
633149,3
633150,2
633156,7
633157,1
633162,7
633168,3
633169,2
633174,2
633175,2
633181,4
633187,9
633188,1
633193,3
633194,2
633199,9
633200,5
633205,1
633206,1
633212,7
633213,2
633219,3
633224,4
633225,4
633230,1
633231,4
633237,4
633238,4
633243,2
633244,4
633249,4
633250,5
633256,2
633262,7
633263,1
633268,3
633274,3
633275,4
633280,1
633281,6
633287,8
633293,2
633294,4
633299,3
633300,3
633306,3
633307,2
633312,2
633318,2
633319,6
633324,5
633325,5
633331,3
633337,8
633338,3
633343,2
633349,6
633350,4
633355,1
633356,4
633362,6
633363,1
633368,4
633369,2
633374,2
633375,6
633380,1
633381,2
633387,9
633393,4
633394,2
633399,3
633400,2
633406,4
633407,2
633412,5
633413,1
633418,5
633419,3
633424,2
633425,5
633431,2
633432,1
633437,6
633438,1
633443,2
633444,2
633449,3
633450,9
633456,1
633462,7
633463,1
633468,2
633469,1
633474,3
633475,12
633480,1
633481,1
633487,8
633488,2
633493,1
633499,2
633500,4
633505,1
633506,5
633507,1
633512,5
633513,1
633518,3
633519,2
633524,3
633525,3
633530,1
633531,4
633532,2
633537,5
633543,5
633544,2
633549,2
633550,7
633555,2
633556,2
633557,2
633562,7
633563,1
633568,1
633569,4
633574,6
633575,3
633580,1
633581,5
633587,6
633588,2
633594,2
633599,5
633600,6
633606,4
633607,1
633612,4
633613,1
633618,1
633624,6
633625,6
633630,2
633631,3
633632,3
633637,4
633643,3
633644,2
633649,5
633650,4
633655,1
633656,1
633657,1
633662,7
633668,4
633669,2
633675,8
633681,5
633687,9
633688,1
633693,2
633694,1
633699,4
633706,3
633707,2
633712,8
633713,1
633718,2
633719,2
633724,5
633725,9
633730,1
633731,2
633737,10
633738,1
633744,1
633749,2
633750,3
633756,4
633757,3
633762,7
633763,1
633768,1
633769,4
633774,5
633775,4
633780,1
633782,1
633787,6
633788,2
633793,4
633794,2
633799,3
633800,10
633812,12
633813,1
633818,1
633824,5
633825,2
633831,3
633832,1
633837,6
633838,2
633843,2
633844,5
633849,2
633850,2
633855,1
633856,5
633857,1
633862,7
633868,4
633869,2
633874,5
633875,4
633880,2
633881,3
633882,1
633887,5
633893,3
633894,1
633899,2
633900,6
633906,5
633907,1
633912,7
633918,1
633919,6
633924,2
633925,6
633930,2
633931,5
633932,1
633937,4
633943,3
633944,1
633949,3
633950,4
633956,4
633962,9
633963,1
633968,4
633974,1
633975,5
633980,1
633981,2
633982,1
633987,10
633988,1
633993,2
633994,2
633999,2
634000,5
634006,3
634007,1
634012,9
634013,1
634018,2
634019,4
634024,2
634025,4
634031,4
634032,2
634037,6
634043,5
634044,5
634049,4
634050,6
634056,1
634062,9
634063,2
634068,2
634069,1
634074,3
634075,3
634080,1
634081,2
634082,1
634087,10
634093,4
634094,2
634099,3
634100,5
634105,1
634106,5
634112,10
634124,3
634125,2
634130,1
634131,3
634132,1
634137,5
634138,1
634143,1
634144,5
634149,4
634150,4
634155,2
634156,2
634157,2
634162,8
634168,3
634169,4
634174,3
634175,4
634181,1
634187,7
634188,2
634193,3
634194,1
634199,1
634200,5
634205,1
634206,6
634207,1
634212,6
634213,2
634218,6
634219,2
634224,2
634225,7
634231,2
634232,1
634237,10
634238,1
634249,2
634250,6
634255,1
634256,1
634257,1
634262,11
634263,1
634268,4
634269,2
634274,2
634275,6
634281,2
634282,1
634287,4
634293,4
634294,2
634299,2
634300,9
634306,7
634312,1
634318,4
634319,3
634324,1
634325,10
634330,2
634331,3
634332,1
634337,6
634338,2
634349,7
634350,7
634356,3
634362,7
634368,2
634369,2
634374,6
634375,3
634380,1
634381,5
634387,4
634393,4
634394,1
634399,2
634400,5
634405,2
634406,3
634407,1
634412,11
634418,1
634419,2
634424,3
634425,7
634430,1
634431,2
634437,4
634443,4
634444,3
634449,2
634450,7
634455,2
634456,1
634462,11
634468,2
634469,2
634474,2
634475,8
634476,1
634481,2
634487,2
634488,1
634493,2
634512,1
634518,1
634519,2
634525,5
634530,1
634531,2
634537,9
634543,4
634549,3
634550,5
634555,1
634556,3
634562,10
634563,2
634568,1
634569,2
634574,3
634575,1
634581,2
634587,11
634588,1
634593,5
634594,2
634599,1
634600,3
634606,8
634607,1
634612,10
634618,1
634619,1
634624,2
634625,5
634631,5
634637,5
634638,1
634643,2
634644,4
634649,7
634650,1
634656,2
634657,1
634662,5
634663,1
634668,3
634669,2
634674,1
634675,10
634681,5
634687,5
634688,1
634693,6
634699,5
634700,4
634705,1
634706,4
634712,7
634718,3
634719,2
634724,4
634725,3
634731,3
634737,8
634738,1
634743,4
634744,3
634749,3
634750,4
634756,3
634761,1
634762,10
634763,2
634769,1
634774,1
634775,9
634781,3
634787,7
634788,2
634793,6
634794,2
634799,3
634800,3
634806,1
634812,9
634818,3
634819,3
634824,3
634825,4
634830,1
634831,4
634837,6
634838,2
634843,3
634844,3
634849,3
634850,5
634855,1
634856,3
634857,1
634862,7
634863,1
634868,2
634869,5
634874,4
634875,5
634881,1
634887,4
634893,3
634894,3
634899,3
634900,6
634905,2
634906,3
634912,10
634919,4
634924,4
634925,7
634931,1
634937,9
634938,1
634943,2
634944,1
634949,7
634950,5
634955,1
634956,1
634962,6
634963,1
634969,4
634974,2
634975,5
634981,3
634982,1
634987,13
634988,1
634993,2
634999,4
635000,6
635006,3
635007,2
635012,9
635013,1
635018,1
635019,5
635024,2
635025,3
635030,1
635031,2
635032,1
635037,9
635043,3
635049,4
635050,5
635056,4
635062,5
635063,2
635068,2
635069,3
635074,3
635075,3
635081,5
635082,1
635087,10
635088,1
635093,4
635094,3
635100,4
635106,3
635112,9
635113,1
635118,6
635119,1
635124,3
635125,3
635130,1
635131,1
635137,3
635143,4
635144,3
635149,3
635150,4
635155,2
635162,14
635168,2
635169,2
635174,3
635175,7
635180,1
635181,2
635187,8
635188,2
635193,1
635194,2
635199,4
635200,3
635205,2
635206,2
635212,7
635213,2
635218,2
635219,2
635224,1
635225,9
635230,2
635237,7
635243,4
635244,3
635249,4
635250,5
635255,1
635256,1
635262,6
635268,4
635274,5
635275,5
635280,1
635281,4
635282,2
635287,6
635288,2
635293,2
635299,3
635300,8
635306,2
635307,1
635312,7
635313,1
635318,1
635319,2
635324,2
635325,6
635331,4
635332,1
635337,9
635338,1
635343,1
635344,3
635349,3
635350,2
635355,2
635356,2
635357,1
635362,9
635363,3
635368,1
635369,1
635374,5
635375,5
635381,2
635387,7
635393,2
635394,3
635399,2
635400,5
635406,7
635407,2
635412,5
635413,2
635418,4
635424,2
635425,8
635426,1
635431,4
635437,10
635443,3
635449,4
635450,3
635456,4
635462,7
635468,6
635470,1
635474,2
635475,7
635481,2
635487,7
635493,5
635494,3
635499,2
635500,3
635506,6
635512,6
635513,1
635518,5
635519,4
635524,1
635525,6
635531,2
635532,1
635537,9
635544,4
635549,5
635550,3
635556,5
635562,9
635563,2
635568,2
635569,5
635574,3
635575,2
635581,3
635587,7
635594,2
635599,5
635600,7
635606,1
635612,6
635613,2
635619,2
635624,1
635625,5
702075,1
702088,1
702099,2
702106,1
702107,1
702112,9
702118,3
702119,3
702124,3
702125,6
702137,9
702143,1
702144,4
702149,2
702150,7
702156,5
702162,4
702163,1
702168,1
702169,1
702174,3
702175,5
702181,2
702182,1
702187,9
702188,1
702193,1
702194,1
702199,2
702200,6
702206,1
702207,1
702212,1
702213,1
702225,1
948137,1
